0 0 981 981
0 1 1014 1014
0 2 943 943
0 3 1027 1027
0 4 986 986
0 5 960 960
0 6 991 991
0 7 974 974
0 8 1009 1009
0 9 947 947
0 10 948 948
0 11 998 998
0 12 1020 1020
0 13 1024 1024
0 14 986 986
0 15 1001 1001
0 16 974 974
0 17 993 993
0 18 1036 1036
0 19 1051 1051
0 20 944 944
0 21 1002 1002
0 22 1056 1056
0 23 1046 1046
0 24 1007 1007
0 25 1005 1005
0 26 957 957
0 27 994 994
0 28 995 995
0 29 1012 1012
0 30 1039 1039
0 31 987 987
0 32 985 985
0 33 942 942
0 34 958 958
0 35 1023 1023
0 36 960 960
0 37 973 973
0 38 1018 1018
0 39 1051 1051
0 40 990 990
0 41 997 997
0 42 996 996
0 43 994 994
0 44 1054 1054
0 45 981 981
0 46 1002 1002
0 47 992 992
0 48 1004 1004
0 49 971 971
0 50 997 997
0 51 988 988
0 52 994 994
0 53 1024 1024
0 54 968 968
0 55 967 967
0 56 1014 1014
0 57 990 990
0 58 1020 1020
0 59 1053 1053
0 60 1003 1003
0 61 1012 1012
0 62 1022 1022
0 63 1033 1033
0 64 980 980
0 65 1048 1048
0 66 984 984
0 67 968 968
0 68 982 982
0 69 1040 1040
0 70 1027 1027
0 71 1016 1016
0 72 1042 1042
0 73 982 982
0 74 1011 1011
0 75 987 987
0 76 981 981
0 77 999 999
0 78 972 972
0 79 1000 1000
0 80 1012 1012
0 81 999 999
0 82 1059 1059
0 83 1035 1035
0 84 968 968
0 85 985 985
0 86 1024 1024
0 87 949 949
0 88 1023 1023
0 89 986 986
0 90 997 997
0 91 986 986
0 92 1036 1036
0 93 1017 1017
0 94 980 980
0 95 999 999
0 96 956 956
0 97 1005 1005
0 98 997 997
0 99 977 977
1 0 1051 1051
1 1 985 985
1 2 983 983
1 3 987 987
1 4 1065 1065
1 5 961 961
1 6 940 940
1 7 967 967
1 8 979 979
1 9 972 972
1 10 1070 1070
1 11 1021 1021
1 12 1018 1018
1 13 993 993
1 14 1009 1009
1 15 918 918
1 16 1012 1012
1 17 983 983
1 18 1047 1047
1 19 1001 1001
1 20 1018 1018
1 21 984 984
1 22 1044 1044
1 23 1043 1043
1 24 1019 1019
1 25 968 968
1 26 1056 1056
1 27 997 997
1 28 1039 1039
1 29 1014 1014
1 30 977 977
1 31 978 978
1 32 1043 1043
1 33 988 988
1 34 1009 1009
1 35 984 984
1 36 1000 1000
1 37 1012 1012
1 38 992 992
1 39 987 987
1 40 969 969
1 41 979 979
1 42 1043 1043
1 43 965 965
1 44 1049 1049
1 45 1006 1006
1 46 1011 1011
1 47 1028 1028
1 48 1019 1019
1 49 956 956
1 50 1029 1029
1 51 1010 1010
1 52 1003 1003
1 53 947 947
1 54 1026 1026
1 55 1054 1054
1 56 999 999
1 57 966 966
1 58 1009 1009
1 59 995 995
1 60 1008 1008
1 61 922 922
1 62 1006 1006
1 63 1008 1008
1 64 1029 1029
1 65 968 968
1 66 1031 1031
1 67 993 993
1 68 1054 1054
1 69 1035 1035
1 70 1026 1026
1 71 1061 1061
1 72 1027 1027
1 73 958 958
1 74 972 972
1 75 1036 1036
1 76 1055 1055
1 77 1017 1017
1 78 995 995
1 79 1011 1011
1 80 1048 1048
1 81 1019 1019
1 82 993 993
1 83 1006 1006
1 84 1010 1010
1 85 936 936
1 86 932 932
1 87 1052 1052
1 88 1015 1015
1 89 1045 1045
1 90 1014 1014
1 91 1003 1003
1 92 1000 1000
1 93 1023 1023
1 94 1012 1012
1 95 1039 1039
1 96 981 981
1 97 963 963
1 98 1049 1049
1 99 1003 1003
2 0 984 984
2 1 998 998
2 2 1014 1014
2 3 963 963
2 4 994 994
2 5 1013 1013
2 6 987 987
2 7 964 964
2 8 1025 1025
2 9 997 997
2 10 1038 1038
2 11 1023 1023
2 12 1038 1038
2 13 985 985
2 14 1042 1042
2 15 971 971
2 16 1018 1018
2 17 1002 1002
2 18 1002 1002
2 19 991 991
2 20 1002 1002
2 21 971 971
2 22 1013 1013
2 23 1011 1011
2 24 987 987
2 25 1006 1006
2 26 991 991
2 27 1031 1031
2 28 998 998
2 29 1077 1077
2 30 970 970
2 31 972 972
2 32 1027 1027
2 33 1000 1000
2 34 946 946
2 35 1013 1013
2 36 1007 1007
2 37 913 913
2 38 960 960
2 39 927 927
2 40 1052 1052
2 41 967 967
2 42 979 979
2 43 995 995
2 44 1024 1024
2 45 982 982
2 46 1028 1028
2 47 998 998
2 48 969 969
2 49 948 948
2 50 1020 1020
2 51 989 989
2 52 999 999
2 53 1029 1029
2 54 983 983
2 55 995 995
2 56 973 973
2 57 1032 1032
2 58 1024 1024
2 59 981 981
2 60 977 977
2 61 978 978
2 62 986 986
2 63 951 951
2 64 988 988
2 65 1014 1014
2 66 993 993
2 67 1039 1039
2 68 998 998
2 69 974 974
2 70 996 996
2 71 1006 1006
2 72 948 948
2 73 965 965
2 74 983 983
2 75 997 997
2 76 998 998
2 77 916 916
2 78 984 984
2 79 1047 1047
2 80 1027 1027
2 81 986 986
2 82 1040 1040
2 83 917 917
2 84 986 986
2 85 1048 1048
2 86 997 997
2 87 976 976
2 88 969 969
2 89 997 997
2 90 1013 1013
2 91 953 953
2 92 986 986
2 93 991 991
2 94 991 991
2 95 973 973
2 96 948 948
2 97 972 972
2 98 957 957
2 99 1012 1012
3 0 1035 1035
3 1 1026 1026
3 2 1034 1034
3 3 974 974
3 4 1027 1027
3 5 1005 1005
3 6 992 992
3 7 990 990
3 8 1003 1003
3 9 1027 1027
3 10 1036 1036
3 11 1030 1030
3 12 1015 1015
3 13 959 959
3 14 1013 1013
3 15 1006 1006
3 16 985 985
3 17 1038 1038
3 18 1046 1046
3 19 997 997
3 20 971 971
3 21 962 962
3 22 991 991
3 23 1013 1013
3 24 997 997
3 25 1016 1016
3 26 995 995
3 27 1017 1017
3 28 1021 1021
3 29 991 991
3 30 1028 1028
3 31 1037 1037
3 32 962 962
3 33 963 963
3 34 1033 1033
3 35 1003 1003
3 36 946 946
3 37 987 987
3 38 992 992
3 39 985 985
3 40 1016 1016
3 41 1040 1040
3 42 1022 1022
3 43 1022 1022
3 44 988 988
3 45 953 953
3 46 1037 1037
3 47 972 972
3 48 961 961
3 49 1042 1042
3 50 965 965
3 51 1037 1037
3 52 1045 1045
3 53 1009 1009
3 54 973 973
3 55 1064 1064
3 56 1008 1008
3 57 1008 1008
3 58 1031 1031
3 59 962 962
3 60 963 963
3 61 908 908
3 62 968 968
3 63 984 984
3 64 983 983
3 65 993 993
3 66 999 999
3 67 1011 1011
3 68 979 979
3 69 1019 1019
3 70 1001 1001
3 71 1001 1001
3 72 1000 1000
3 73 1003 1003
3 74 985 985
3 75 996 996
3 76 1050 1050
3 77 1015 1015
3 78 978 978
3 79 1005 1005
3 80 1068 1068
3 81 996 996
3 82 1044 1044
3 83 966 966
3 84 978 978
3 85 976 976
3 86 1014 1014
3 87 985 985
3 88 971 971
3 89 1017 1017
3 90 1047 1047
3 91 1014 1014
3 92 1007 1007
3 93 1014 1014
3 94 978 978
3 95 962 962
3 96 1039 1039
3 97 983 983
3 98 996 996
3 99 1022 1022
4 0 973 973
4 1 981 981
4 2 953 953
4 3 959 959
4 4 1001 1001
4 5 950 950
4 6 993 993
4 7 1034 1034
4 8 954 954
4 9 1003 1003
4 10 1002 1002
4 11 897 897
4 12 984 984
4 13 1005 1005
4 14 1027 1027
4 15 998 998
4 16 970 970
4 17 962 962
4 18 1042 1042
4 19 1036 1036
4 20 973 973
4 21 1018 1018
4 22 1049 1049
4 23 925 925
4 24 1028 1028
4 25 994 994
4 26 972 972
4 27 1071 1071
4 28 967 967
4 29 1040 1040
4 30 1015 1015
4 31 1031 1031
4 32 991 991
4 33 987 987
4 34 992 992
4 35 1000 1000
4 36 967 967
4 37 1035 1035
4 38 1030 1030
4 39 989 989
4 40 969 969
4 41 967 967
4 42 1000 1000
4 43 947 947
4 44 1049 1049
4 45 971 971
4 46 942 942
4 47 1075 1075
4 48 983 983
4 49 1019 1019
4 50 992 992
4 51 985 985
4 52 1013 1013
4 53 954 954
4 54 1031 1031
4 55 997 997
4 56 997 997
4 57 1024 1024
4 58 979 979
4 59 960 960
4 60 979 979
4 61 1034 1034
4 62 956 956
4 63 1041 1041
4 64 1002 1002
4 65 930 930
4 66 1014 1014
4 67 993 993
4 68 1019 1019
4 69 1024 1024
4 70 924 924
4 71 1017 1017
4 72 949 949
4 73 993 993
4 74 1008 1008
4 75 1008 1008
4 76 1007 1007
4 77 1026 1026
4 78 1028 1028
4 79 968 968
4 80 948 948
4 81 936 936
4 82 1025 1025
4 83 949 949
4 84 985 985
4 85 942 942
4 86 994 994
4 87 959 959
4 88 941 941
4 89 964 964
4 90 1003 1003
4 91 981 981
4 92 963 963
4 93 970 970
4 94 1014 1014
4 95 956 956
4 96 967 967
4 97 1008 1008
4 98 992 992
4 99 1021 1021
5 0 977 977
5 1 978 978
5 2 964 964
5 3 972 972
5 4 999 999
5 5 929 929
5 6 970 970
5 7 996 996
5 8 990 990
5 9 996 996
5 10 1004 1004
5 11 994 994
5 12 1028 1028
5 13 998 998
5 14 994 994
5 15 1016 1016
5 16 946 946
5 17 1004 1004
5 18 968 968
5 19 986 986
5 20 1037 1037
5 21 966 966
5 22 975 975
5 23 998 998
5 24 991 991
5 25 999 999
5 26 1031 1031
5 27 935 935
5 28 1019 1019
5 29 1057 1057
5 30 1027 1027
5 31 1037 1037
5 32 1033 1033
5 33 971 971
5 34 1021 1021
5 35 1034 1034
5 36 1000 1000
5 37 1062 1062
5 38 993 993
5 39 1019 1019
5 40 1012 1012
5 41 1025 1025
5 42 1033 1033
5 43 984 984
5 44 1026 1026
5 45 1017 1017
5 46 1045 1045
5 47 1033 1033
5 48 994 994
5 49 989 989
5 50 963 963
5 51 956 956
5 52 974 974
5 53 1014 1014
5 54 991 991
5 55 997 997
5 56 1014 1014
5 57 1005 1005
5 58 1000 1000
5 59 995 995
5 60 1080 1080
5 61 1005 1005
5 62 957 957
5 63 994 994
5 64 971 971
5 65 953 953
5 66 984 984
5 67 1062 1062
5 68 1015 1015
5 69 956 956
5 70 990 990
5 71 974 974
5 72 1000 1000
5 73 1027 1027
5 74 987 987
5 75 1010 1010
5 76 986 986
5 77 1013 1013
5 78 1025 1025
5 79 1033 1033
5 80 993 993
5 81 1020 1020
5 82 997 997
5 83 996 996
5 84 1001 1001
5 85 953 953
5 86 1003 1003
5 87 988 988
5 88 1058 1058
5 89 989 989
5 90 968 968
5 91 975 975
5 92 1018 1018
5 93 1002 1002
5 94 1015 1015
5 95 983 983
5 96 976 976
5 97 1020 1020
5 98 971 971
5 99 976 976
6 0 996 996
6 1 994 994
6 2 1032 1032
6 3 953 953
6 4 1014 1014
6 5 1020 1020
6 6 1041 1041
6 7 1052 1052
6 8 957 957
6 9 935 935
6 10 1001 1001
6 11 1008 1008
6 12 917 917
6 13 1004 1004
6 14 945 945
6 15 1004 1004
6 16 973 973
6 17 1012 1012
6 18 973 973
6 19 961 961
6 20 961 961
6 21 1025 1025
6 22 1000 1000
6 23 944 944
6 24 1042 1042
6 25 998 998
6 26 1020 1020
6 27 998 998
6 28 1009 1009
6 29 1000 1000
6 30 1005 1005
6 31 1011 1011
6 32 1015 1015
6 33 1050 1050
6 34 1025 1025
6 35 1022 1022
6 36 1006 1006
6 37 990 990
6 38 997 997
6 39 1036 1036
6 40 1024 1024
6 41 970 970
6 42 1038 1038
6 43 971 971
6 44 1026 1026
6 45 982 982
6 46 1011 1011
6 47 940 940
6 48 1039 1039
6 49 1031 1031
6 50 955 955
6 51 1003 1003
6 52 1003 1003
6 53 1041 1041
6 54 1029 1029
6 55 1015 1015
6 56 991 991
6 57 1040 1040
6 58 978 978
6 59 980 980
6 60 949 949
6 61 953 953
6 62 982 982
6 63 980 980
6 64 1002 1002
6 65 1030 1030
6 66 1009 1009
6 67 1010 1010
6 68 1043 1043
6 69 942 942
6 70 951 951
6 71 1004 1004
6 72 1045 1045
6 73 1002 1002
6 74 991 991
6 75 992 992
6 76 1031 1031
6 77 1001 1001
6 78 1022 1022
6 79 1003 1003
6 80 971 971
6 81 981 981
6 82 1096 1096
6 83 986 986
6 84 1019 1019
6 85 992 992
6 86 1065 1065
6 87 1042 1042
6 88 1061 1061
6 89 958 958
6 90 925 925
6 91 983 983
6 92 1009 1009
6 93 1031 1031
6 94 1040 1040
6 95 1050 1050
6 96 1007 1007
6 97 1019 1019
6 98 1019 1019
6 99 1020 1020
7 0 1062 1062
7 1 962 962
7 2 998 998
7 3 932 932
7 4 959 959
7 5 1057 1057
7 6 974 974
7 7 1001 1001
7 8 995 995
7 9 1011 1011
7 10 1019 1019
7 11 1005 1005
7 12 983 983
7 13 1022 1022
7 14 1006 1006
7 15 966 966
7 16 978 978
7 17 991 991
7 18 1018 1018
7 19 1012 1012
7 20 985 985
7 21 989 989
7 22 924 924
7 23 983 983
7 24 1050 1050
7 25 922 922
7 26 1007 1007
7 27 962 962
7 28 967 967
7 29 1032 1032
7 30 1010 1010
7 31 991 991
7 32 995 995
7 33 977 977
7 34 995 995
7 35 1010 1010
7 36 1022 1022
7 37 1007 1007
7 38 996 996
7 39 1044 1044
7 40 1011 1011
7 41 922 922
7 42 999 999
7 43 1071 1071
7 44 995 995
7 45 1023 1023
7 46 1049 1049
7 47 974 974
7 48 997 997
7 49 976 976
7 50 938 938
7 51 969 969
7 52 977 977
7 53 1017 1017
7 54 981 981
7 55 990 990
7 56 984 984
7 57 1006 1006
7 58 998 998
7 59 951 951
7 60 986 986
7 61 1050 1050
7 62 1010 1010
7 63 1010 1010
7 64 974 974
7 65 1008 1008
7 66 1004 1004
7 67 991 991
7 68 990 990
7 69 947 947
7 70 926 926
7 71 963 963
7 72 1027 1027
7 73 986 986
7 74 1024 1024
7 75 1027 1027
7 76 1007 1007
7 77 962 962
7 78 982 982
7 79 990 990
7 80 998 998
7 81 979 979
7 82 981 981
7 83 975 975
7 84 1026 1026
7 85 973 973
7 86 1045 1045
7 87 951 951
7 88 991 991
7 89 941 941
7 90 979 979
7 91 1029 1029
7 92 1038 1038
7 93 1008 1008
7 94 1070 1070
7 95 1041 1041
7 96 1006 1006
7 97 968 968
7 98 1042 1042
7 99 923 923
8 0 1006 1006
8 1 1007 1007
8 2 967 967
8 3 959 959
8 4 981 981
8 5 1006 1006
8 6 999 999
8 7 1002 1002
8 8 923 923
8 9 998 998
8 10 960 960
8 11 953 953
8 12 968 968
8 13 958 958
8 14 1025 1025
8 15 947 947
8 16 1010 1010
8 17 1022 1022
8 18 980 980
8 19 995 995
8 20 965 965
8 21 986 986
8 22 967 967
8 23 1026 1026
8 24 956 956
8 25 1027 1027
8 26 1041 1041
8 27 1009 1009
8 28 981 981
8 29 1031 1031
8 30 996 996
8 31 960 960
8 32 998 998
8 33 996 996
8 34 990 990
8 35 995 995
8 36 1004 1004
8 37 974 974
8 38 976 976
8 39 1020 1020
8 40 1067 1067
8 41 1019 1019
8 42 997 997
8 43 999 999
8 44 987 987
8 45 998 998
8 46 1050 1050
8 47 998 998
8 48 1055 1055
8 49 1047 1047
8 50 1018 1018
8 51 1003 1003
8 52 967 967
8 53 1003 1003
8 54 996 996
8 55 1056 1056
8 56 996 996
8 57 997 997
8 58 995 995
8 59 987 987
8 60 991 991
8 61 989 989
8 62 977 977
8 63 1045 1045
8 64 1013 1013
8 65 1064 1064
8 66 960 960
8 67 1021 1021
8 68 1049 1049
8 69 1015 1015
8 70 1004 1004
8 71 1013 1013
8 72 985 985
8 73 1044 1044
8 74 960 960
8 75 1068 1068
8 76 958 958
8 77 1013 1013
8 78 1015 1015
8 79 946 946
8 80 1038 1038
8 81 992 992
8 82 1059 1059
8 83 1047 1047
8 84 984 984
8 85 1004 1004
8 86 1015 1015
8 87 1005 1005
8 88 1042 1042
8 89 964 964
8 90 981 981
8 91 1003 1003
8 92 1009 1009
8 93 990 990
8 94 1066 1066
8 95 952 952
8 96 1006 1006
8 97 1034 1034
8 98 972 972
8 99 1043 1043
9 0 1003 1003
9 1 1039 1039
9 2 1050 1050
9 3 992 992
9 4 1020 1020
9 5 989 989
9 6 1001 1001
9 7 983 983
9 8 1019 1019
9 9 903 903
9 10 968 968
9 11 984 984
9 12 990 990
9 13 1029 1029
9 14 1005 1005
9 15 1005 1005
9 16 976 976
9 17 1005 1005
9 18 950 950
9 19 999 999
9 20 1028 1028
9 21 1005 1005
9 22 1021 1021
9 23 1016 1016
9 24 998 998
9 25 1106 1106
9 26 926 926
9 27 994 994
9 28 1010 1010
9 29 1044 1044
9 30 992 992
9 31 996 996
9 32 993 993
9 33 968 968
9 34 963 963
9 35 1019 1019
9 36 998 998
9 37 1023 1023
9 38 980 980
9 39 967 967
9 40 981 981
9 41 953 953
9 42 975 975
9 43 1016 1016
9 44 950 950
9 45 969 969
9 46 981 981
9 47 1016 1016
9 48 1035 1035
9 49 1048 1048
9 50 973 973
9 51 1040 1040
9 52 1039 1039
9 53 1027 1027
9 54 1021 1021
9 55 973 973
9 56 985 985
9 57 1008 1008
9 58 1027 1027
9 59 977 977
9 60 1013 1013
9 61 987 987
9 62 1025 1025
9 63 1001 1001
9 64 1060 1060
9 65 1008 1008
9 66 1015 1015
9 67 1004 1004
9 68 1057 1057
9 69 939 939
9 70 1021 1021
9 71 990 990
9 72 984 984
9 73 1023 1023
9 74 1024 1024
9 75 941 941
9 76 994 994
9 77 987 987
9 78 1001 1001
9 79 973 973
9 80 983 983
9 81 1041 1041
9 82 1008 1008
9 83 927 927
9 84 1054 1054
9 85 990 990
9 86 961 961
9 87 986 986
9 88 1012 1012
9 89 998 998
9 90 1018 1018
9 91 1017 1017
9 92 1048 1048
9 93 1008 1008
9 94 985 985
9 95 959 959
9 96 964 964
9 97 997 997
9 98 1036 1036
9 99 958 958
10 0 987 987
10 1 1005 1005
10 2 1012 1012
10 3 952 952
10 4 1006 1006
10 5 999 999
10 6 1064 1064
10 7 975 975
10 8 1027 1027
10 9 1004 1004
10 10 1027 1027
10 11 993 993
10 12 999 999
10 13 1040 1040
10 14 1053 1053
10 15 1032 1032
10 16 1035 1035
10 17 977 977
10 18 1045 1045
10 19 998 998
10 20 1016 1016
10 21 1009 1009
10 22 904 904
10 23 984 984
10 24 1040 1040
10 25 1001 1001
10 26 974 974
10 27 1038 1038
10 28 1030 1030
10 29 971 971
10 30 1042 1042
10 31 994 994
10 32 1023 1023
10 33 1065 1065
10 34 1043 1043
10 35 1032 1032
10 36 1020 1020
10 37 1005 1005
10 38 1016 1016
10 39 993 993
10 40 1047 1047
10 41 1007 1007
10 42 1020 1020
10 43 987 987
10 44 1008 1008
10 45 967 967
10 46 1006 1006
10 47 946 946
10 48 970 970
10 49 999 999
10 50 1007 1007
10 51 971 971
10 52 967 967
10 53 949 949
10 54 1033 1033
10 55 1036 1036
10 56 1039 1039
10 57 1003 1003
10 58 1050 1050
10 59 1015 1015
10 60 981 981
10 61 960 960
10 62 997 997
10 63 1029 1029
10 64 963 963
10 65 944 944
10 66 1030 1030
10 67 952 952
10 68 997 997
10 69 1045 1045
10 70 1009 1009
10 71 1015 1015
10 72 1009 1009
10 73 1031 1031
10 74 998 998
10 75 1003 1003
10 76 956 956
10 77 994 994
10 78 1047 1047
10 79 997 997
10 80 961 961
10 81 957 957
10 82 908 908
10 83 1018 1018
10 84 1012 1012
10 85 996 996
10 86 1010 1010
10 87 990 990
10 88 993 993
10 89 1036 1036
10 90 985 985
10 91 1012 1012
10 92 1048 1048
10 93 986 986
10 94 996 996
10 95 1013 1013
10 96 968 968
10 97 978 978
10 98 979 979
10 99 986 986
11 0 999 999
11 1 1032 1032
11 2 967 967
11 3 985 985
11 4 1034 1034
11 5 976 976
11 6 1054 1054
11 7 992 992
11 8 989 989
11 9 973 973
11 10 942 942
11 11 1015 1015
11 12 975 975
11 13 931 931
11 14 993 993
11 15 968 968
11 16 1049 1049
11 17 1073 1073
11 18 984 984
11 19 1037 1037
11 20 1009 1009
11 21 955 955
11 22 990 990
11 23 976 976
11 24 954 954
11 25 963 963
11 26 1021 1021
11 27 1003 1003
11 28 1077 1077
11 29 959 959
11 30 960 960
11 31 1023 1023
11 32 963 963
11 33 999 999
11 34 986 986
11 35 1067 1067
11 36 1042 1042
11 37 959 959
11 38 987 987
11 39 1002 1002
11 40 1011 1011
11 41 976 976
11 42 995 995
11 43 1001 1001
11 44 1011 1011
11 45 1015 1015
11 46 1013 1013
11 47 1037 1037
11 48 979 979
11 49 1044 1044
11 50 1048 1048
11 51 979 979
11 52 952 952
11 53 965 965
11 54 931 931
11 55 1020 1020
11 56 917 917
11 57 989 989
11 58 968 968
11 59 993 993
11 60 954 954
11 61 970 970
11 62 1023 1023
11 63 992 992
11 64 1031 1031
11 65 1022 1022
11 66 1001 1001
11 67 1013 1013
11 68 1055 1055
11 69 1033 1033
11 70 959 959
11 71 1005 1005
11 72 988 988
11 73 1007 1007
11 74 1030 1030
11 75 1039 1039
11 76 1001 1001
11 77 1013 1013
11 78 920 920
11 79 976 976
11 80 969 969
11 81 1012 1012
11 82 982 982
11 83 939 939
11 84 990 990
11 85 1050 1050
11 86 982 982
11 87 1013 1013
11 88 935 935
11 89 982 982
11 90 1003 1003
11 91 1052 1052
11 92 951 951
11 93 983 983
11 94 1010 1010
11 95 1015 1015
11 96 1030 1030
11 97 979 979
11 98 1034 1034
11 99 1001 1001
12 0 991 991
12 1 1041 1041
12 2 949 949
12 3 1005 1005
12 4 996 996
12 5 1010 1010
12 6 988 988
12 7 990 990
12 8 1047 1047
12 9 967 967
12 10 965 965
12 11 1030 1030
12 12 1047 1047
12 13 979 979
12 14 1011 1011
12 15 984 984
12 16 1008 1008
12 17 1021 1021
12 18 1023 1023
12 19 973 973
12 20 1046 1046
12 21 1032 1032
12 22 986 986
12 23 1032 1032
12 24 1000 1000
12 25 1068 1068
12 26 1019 1019
12 27 963 963
12 28 950 950
12 29 976 976
12 30 1007 1007
12 31 1029 1029
12 32 994 994
12 33 979 979
12 34 1006 1006
12 35 988 988
12 36 970 970
12 37 1042 1042
12 38 1043 1043
12 39 1005 1005
12 40 978 978
12 41 979 979
12 42 1001 1001
12 43 991 991
12 44 982 982
12 45 1018 1018
12 46 1027 1027
12 47 1033 1033
12 48 1031 1031
12 49 953 953
12 50 1006 1006
12 51 918 918
12 52 967 967
12 53 1049 1049
12 54 989 989
12 55 976 976
12 56 1016 1016
12 57 981 981
12 58 973 973
12 59 951 951
12 60 1002 1002
12 61 1029 1029
12 62 965 965
12 63 981 981
12 64 997 997
12 65 1013 1013
12 66 957 957
12 67 997 997
12 68 976 976
12 69 988 988
12 70 993 993
12 71 995 995
12 72 1044 1044
12 73 970 970
12 74 1020 1020
12 75 1037 1037
12 76 1010 1010
12 77 957 957
12 78 969 969
12 79 1005 1005
12 80 977 977
12 81 976 976
12 82 1020 1020
12 83 1058 1058
12 84 957 957
12 85 998 998
12 86 997 997
12 87 946 946
12 88 985 985
12 89 962 962
12 90 1050 1050
12 91 986 986
12 92 1049 1049
12 93 941 941
12 94 1044 1044
12 95 977 977
12 96 1037 1037
12 97 972 972
12 98 997 997
12 99 946 946
13 0 976 976
13 1 1004 1004
13 2 1004 1004
13 3 972 972
13 4 1026 1026
13 5 1059 1059
13 6 950 950
13 7 952 952
13 8 1059 1059
13 9 987 987
13 10 985 985
13 11 1006 1006
13 12 991 991
13 13 990 990
13 14 1002 1002
13 15 1043 1043
13 16 1018 1018
13 17 972 972
13 18 934 934
13 19 913 913
13 20 961 961
13 21 1007 1007
13 22 954 954
13 23 1014 1014
13 24 1040 1040
13 25 1009 1009
13 26 982 982
13 27 999 999
13 28 1043 1043
13 29 965 965
13 30 1007 1007
13 31 986 986
13 32 1001 1001
13 33 1022 1022
13 34 1043 1043
13 35 1024 1024
13 36 986 986
13 37 1005 1005
13 38 981 981
13 39 988 988
13 40 1012 1012
13 41 979 979
13 42 1065 1065
13 43 999 999
13 44 1027 1027
13 45 922 922
13 46 995 995
13 47 997 997
13 48 955 955
13 49 1048 1048
13 50 1018 1018
13 51 1039 1039
13 52 948 948
13 53 1014 1014
13 54 1048 1048
13 55 1024 1024
13 56 1018 1018
13 57 1017 1017
13 58 992 992
13 59 988 988
13 60 1015 1015
13 61 1021 1021
13 62 1032 1032
13 63 1028 1028
13 64 992 992
13 65 1019 1019
13 66 1012 1012
13 67 974 974
13 68 963 963
13 69 1017 1017
13 70 959 959
13 71 1023 1023
13 72 1000 1000
13 73 1010 1010
13 74 969 969
13 75 1026 1026
13 76 998 998
13 77 1030 1030
13 78 992 992
13 79 1028 1028
13 80 1004 1004
13 81 985 985
13 82 995 995
13 83 1050 1050
13 84 1031 1031
13 85 967 967
13 86 997 997
13 87 960 960
13 88 940 940
13 89 972 972
13 90 997 997
13 91 1034 1034
13 92 1051 1051
13 93 1041 1041
13 94 966 966
13 95 1050 1050
13 96 994 994
13 97 959 959
13 98 932 932
13 99 957 957
14 0 1001 1001
14 1 1006 1006
14 2 1035 1035
14 3 994 994
14 4 988 988
14 5 942 942
14 6 999 999
14 7 963 963
14 8 990 990
14 9 1075 1075
14 10 997 997
14 11 983 983
14 12 1031 1031
14 13 998 998
14 14 1071 1071
14 15 1080 1080
14 16 974 974
14 17 1016 1016
14 18 992 992
14 19 1032 1032
14 20 1015 1015
14 21 1011 1011
14 22 1021 1021
14 23 1006 1006
14 24 1060 1060
14 25 992 992
14 26 1013 1013
14 27 1004 1004
14 28 996 996
14 29 1017 1017
14 30 1009 1009
14 31 970 970
14 32 943 943
14 33 979 979
14 34 990 990
14 35 1030 1030
14 36 1065 1065
14 37 938 938
14 38 970 970
14 39 946 946
14 40 986 986
14 41 998 998
14 42 979 979
14 43 1058 1058
14 44 984 984
14 45 1026 1026
14 46 1000 1000
14 47 998 998
14 48 1019 1019
14 49 995 995
14 50 999 999
14 51 988 988
14 52 991 991
14 53 987 987
14 54 1026 1026
14 55 981 981
14 56 963 963
14 57 992 992
14 58 988 988
14 59 944 944
14 60 1021 1021
14 61 969 969
14 62 1003 1003
14 63 1030 1030
14 64 1042 1042
14 65 1054 1054
14 66 961 961
14 67 1005 1005
14 68 980 980
14 69 990 990
14 70 1000 1000
14 71 971 971
14 72 966 966
14 73 1053 1053
14 74 973 973
14 75 988 988
14 76 1024 1024
14 77 940 940
14 78 1021 1021
14 79 1002 1002
14 80 980 980
14 81 1055 1055
14 82 996 996
14 83 990 990
14 84 1013 1013
14 85 985 985
14 86 1034 1034
14 87 961 961
14 88 952 952
14 89 1014 1014
14 90 1006 1006
14 91 1009 1009
14 92 1004 1004
14 93 996 996
14 94 1025 1025
14 95 954 954
14 96 978 978
14 97 994 994
14 98 1021 1021
14 99 986 986
15 0 1053 1053
15 1 972 972
15 2 1022 1022
15 3 985 985
15 4 940 940
15 5 1046 1046
15 6 997 997
15 7 962 962
15 8 1004 1004
15 9 1011 1011
15 10 1013 1013
15 11 992 992
15 12 1028 1028
15 13 984 984
15 14 989 989
15 15 1049 1049
15 16 978 978
15 17 994 994
15 18 974 974
15 19 972 972
15 20 1012 1012
15 21 996 996
15 22 1026 1026
15 23 1017 1017
15 24 1000 1000
15 25 1042 1042
15 26 948 948
15 27 973 973
15 28 993 993
15 29 1006 1006
15 30 970 970
15 31 1027 1027
15 32 970 970
15 33 1011 1011
15 34 1025 1025
15 35 1021 1021
15 36 965 965
15 37 1014 1014
15 38 986 986
15 39 1036 1036
15 40 1010 1010
15 41 1007 1007
15 42 965 965
15 43 1022 1022
15 44 1033 1033
15 45 1048 1048
15 46 1018 1018
15 47 939 939
15 48 974 974
15 49 959 959
15 50 948 948
15 51 997 997
15 52 1007 1007
15 53 1044 1044
15 54 1037 1037
15 55 1037 1037
15 56 980 980
15 57 961 961
15 58 1021 1021
15 59 1021 1021
15 60 972 972
15 61 990 990
15 62 1009 1009
15 63 968 968
15 64 980 980
15 65 988 988
15 66 984 984
15 67 983 983
15 68 956 956
15 69 998 998
15 70 1002 1002
15 71 1039 1039
15 72 953 953
15 73 982 982
15 74 1036 1036
15 75 970 970
15 76 1006 1006
15 77 1030 1030
15 78 1002 1002
15 79 944 944
15 80 983 983
15 81 984 984
15 82 1028 1028
15 83 1043 1043
15 84 986 986
15 85 966 966
15 86 1001 1001
15 87 1004 1004
15 88 970 970
15 89 963 963
15 90 994 994
15 91 1019 1019
15 92 986 986
15 93 975 975
15 94 998 998
15 95 1058 1058
15 96 1039 1039
15 97 1012 1012
15 98 1000 1000
15 99 997 997
16 0 1009 1009
16 1 1043 1043
16 2 1040 1040
16 3 1030 1030
16 4 1011 1011
16 5 969 969
16 6 959 959
16 7 970 970
16 8 1003 1003
16 9 1008 1008
16 10 1021 1021
16 11 1012 1012
16 12 948 948
16 13 1023 1023
16 14 1015 1015
16 15 1011 1011
16 16 986 986
16 17 966 966
16 18 1011 1011
16 19 1030 1030
16 20 1012 1012
16 21 976 976
16 22 1004 1004
16 23 1041 1041
16 24 1039 1039
16 25 992 992
16 26 995 995
16 27 992 992
16 28 1004 1004
16 29 942 942
16 30 1000 1000
16 31 948 948
16 32 1031 1031
16 33 963 963
16 34 967 967
16 35 1053 1053
16 36 1014 1014
16 37 992 992
16 38 1049 1049
16 39 1030 1030
16 40 958 958
16 41 988 988
16 42 1002 1002
16 43 996 996
16 44 1011 1011
16 45 998 998
16 46 967 967
16 47 992 992
16 48 1000 1000
16 49 930 930
16 50 1014 1014
16 51 965 965
16 52 1001 1001
16 53 952 952
16 54 1030 1030
16 55 1002 1002
16 56 967 967
16 57 1002 1002
16 58 1046 1046
16 59 1013 1013
16 60 993 993
16 61 983 983
16 62 1002 1002
16 63 1028 1028
16 64 957 957
16 65 1029 1029
16 66 979 979
16 67 1006 1006
16 68 1031 1031
16 69 1012 1012
16 70 1061 1061
16 71 1009 1009
16 72 1042 1042
16 73 970 970
16 74 970 970
16 75 1006 1006
16 76 973 973
16 77 1000 1000
16 78 993 993
16 79 974 974
16 80 1036 1036
16 81 1000 1000
16 82 1028 1028
16 83 937 937
16 84 956 956
16 85 1004 1004
16 86 964 964
16 87 1016 1016
16 88 989 989
16 89 998 998
16 90 978 978
16 91 957 957
16 92 989 989
16 93 966 966
16 94 983 983
16 95 1005 1005
16 96 991 991
16 97 1039 1039
16 98 1008 1008
16 99 957 957
17 0 958 958
17 1 1038 1038
17 2 1047 1047
17 3 954 954
17 4 978 978
17 5 954 954
17 6 1054 1054
17 7 956 956
17 8 1025 1025
17 9 1006 1006
17 10 1001 1001
17 11 1023 1023
17 12 998 998
17 13 1036 1036
17 14 958 958
17 15 939 939
17 16 1006 1006
17 17 1014 1014
17 18 996 996
17 19 1063 1063
17 20 1042 1042
17 21 1029 1029
17 22 977 977
17 23 1021 1021
17 24 966 966
17 25 1031 1031
17 26 1009 1009
17 27 1006 1006
17 28 1020 1020
17 29 962 962
17 30 950 950
17 31 979 979
17 32 968 968
17 33 1004 1004
17 34 1037 1037
17 35 986 986
17 36 979 979
17 37 955 955
17 38 1022 1022
17 39 1037 1037
17 40 972 972
17 41 946 946
17 42 1015 1015
17 43 1043 1043
17 44 1000 1000
17 45 1010 1010
17 46 981 981
17 47 987 987
17 48 1015 1015
17 49 971 971
17 50 966 966
17 51 969 969
17 52 1029 1029
17 53 1006 1006
17 54 1017 1017
17 55 1061 1061
17 56 992 992
17 57 978 978
17 58 1026 1026
17 59 995 995
17 60 996 996
17 61 998 998
17 62 993 993
17 63 1002 1002
17 64 989 989
17 65 964 964
17 66 1067 1067
17 67 1007 1007
17 68 986 986
17 69 982 982
17 70 952 952
17 71 1031 1031
17 72 969 969
17 73 992 992
17 74 1018 1018
17 75 1017 1017
17 76 1030 1030
17 77 968 968
17 78 972 972
17 79 971 971
17 80 965 965
17 81 950 950
17 82 1014 1014
17 83 989 989
17 84 1003 1003
17 85 969 969
17 86 1011 1011
17 87 1004 1004
17 88 1028 1028
17 89 961 961
17 90 942 942
17 91 1050 1050
17 92 954 954
17 93 1003 1003
17 94 956 956
17 95 1024 1024
17 96 979 979
17 97 1019 1019
17 98 971 971
17 99 1027 1027
18 0 1058 1058
18 1 930 930
18 2 974 974
18 3 957 957
18 4 993 993
18 5 979 979
18 6 983 983
18 7 993 993
18 8 948 948
18 9 997 997
18 10 1036 1036
18 11 1042 1042
18 12 1031 1031
18 13 977 977
18 14 1007 1007
18 15 1073 1073
18 16 1010 1010
18 17 988 988
18 18 932 932
18 19 947 947
18 20 1013 1013
18 21 1014 1014
18 22 1000 1000
18 23 1027 1027
18 24 951 951
18 25 1068 1068
18 26 1054 1054
18 27 1053 1053
18 28 976 976
18 29 1002 1002
18 30 1002 1002
18 31 1030 1030
18 32 996 996
18 33 1048 1048
18 34 969 969
18 35 1053 1053
18 36 999 999
18 37 1017 1017
18 38 945 945
18 39 980 980
18 40 1007 1007
18 41 1029 1029
18 42 903 903
18 43 1063 1063
18 44 994 994
18 45 999 999
18 46 1022 1022
18 47 1013 1013
18 48 966 966
18 49 1040 1040
18 50 986 986
18 51 969 969
18 52 947 947
18 53 1025 1025
18 54 1007 1007
18 55 980 980
18 56 956 956
18 57 973 973
18 58 1026 1026
18 59 997 997
18 60 1024 1024
18 61 1004 1004
18 62 951 951
18 63 978 978
18 64 998 998
18 65 952 952
18 66 970 970
18 67 1015 1015
18 68 991 991
18 69 1004 1004
18 70 990 990
18 71 1000 1000
18 72 1035 1035
18 73 1028 1028
18 74 1005 1005
18 75 1006 1006
18 76 982 982
18 77 1013 1013
18 78 998 998
18 79 1026 1026
18 80 999 999
18 81 1005 1005
18 82 979 979
18 83 1029 1029
18 84 974 974
18 85 1023 1023
18 86 1025 1025
18 87 1029 1029
18 88 1071 1071
18 89 1064 1064
18 90 1014 1014
18 91 988 988
18 92 998 998
18 93 1023 1023
18 94 1031 1031
18 95 1012 1012
18 96 989 989
18 97 982 982
18 98 942 942
18 99 1046 1046
19 0 998 998
19 1 1037 1037
19 2 1087 1087
19 3 1041 1041
19 4 1101 1101
19 5 1007 1007
19 6 1003 1003
19 7 986 986
19 8 1038 1038
19 9 987 987
19 10 951 951
19 11 985 985
19 12 1003 1003
19 13 977 977
19 14 1029 1029
19 15 979 979
19 16 975 975
19 17 1050 1050
19 18 1018 1018
19 19 1008 1008
19 20 966 966
19 21 992 992
19 22 1017 1017
19 23 1002 1002
19 24 1037 1037
19 25 1018 1018
19 26 954 954
19 27 948 948
19 28 980 980
19 29 995 995
19 30 982 982
19 31 1029 1029
19 32 972 972
19 33 1022 1022
19 34 1000 1000
19 35 1000 1000
19 36 975 975
19 37 969 969
19 38 984 984
19 39 1006 1006
19 40 952 952
19 41 991 991
19 42 950 950
19 43 1078 1078
19 44 1024 1024
19 45 1000 1000
19 46 1032 1032
19 47 996 996
19 48 977 977
19 49 1000 1000
19 50 1019 1019
19 51 1007 1007
19 52 987 987
19 53 958 958
19 54 1003 1003
19 55 958 958
19 56 974 974
19 57 1060 1060
19 58 969 969
19 59 1006 1006
19 60 1006 1006
19 61 915 915
19 62 1036 1036
19 63 1049 1049
19 64 942 942
19 65 1049 1049
19 66 1007 1007
19 67 986 986
19 68 1020 1020
19 69 1011 1011
19 70 1057 1057
19 71 974 974
19 72 969 969
19 73 1024 1024
19 74 1009 1009
19 75 1011 1011
19 76 1004 1004
19 77 972 972
19 78 1010 1010
19 79 1023 1023
19 80 1013 1013
19 81 1068 1068
19 82 983 983
19 83 983 983
19 84 978 978
19 85 983 983
19 86 1043 1043
19 87 986 986
19 88 966 966
19 89 973 973
19 90 987 987
19 91 977 977
19 92 1027 1027
19 93 993 993
19 94 971 971
19 95 985 985
19 96 977 977
19 97 992 992
19 98 1014 1014
19 99 987 987
20 0 991 991
20 1 1065 1065
20 2 1041 1041
20 3 935 935
20 4 1068 1068
20 5 982 982
20 6 987 987
20 7 977 977
20 8 1015 1015
20 9 985 985
20 10 987 987
20 11 1002 1002
20 12 1004 1004
20 13 1002 1002
20 14 1009 1009
20 15 940 940
20 16 1036 1036
20 17 1003 1003
20 18 990 990
20 19 959 959
20 20 1027 1027
20 21 994 994
20 22 1016 1016
20 23 1007 1007
20 24 972 972
20 25 962 962
20 26 922 922
20 27 1008 1008
20 28 1022 1022
20 29 981 981
20 30 1032 1032
20 31 911 911
20 32 993 993
20 33 1025 1025
20 34 971 971
20 35 977 977
20 36 979 979
20 37 1064 1064
20 38 977 977
20 39 981 981
20 40 1041 1041
20 41 982 982
20 42 986 986
20 43 1048 1048
20 44 1019 1019
20 45 954 954
20 46 1025 1025
20 47 981 981
20 48 984 984
20 49 1097 1097
20 50 1006 1006
20 51 963 963
20 52 1019 1019
20 53 1042 1042
20 54 1016 1016
20 55 1006 1006
20 56 998 998
20 57 1008 1008
20 58 983 983
20 59 1027 1027
20 60 992 992
20 61 994 994
20 62 1042 1042
20 63 986 986
20 64 986 986
20 65 983 983
20 66 976 976
20 67 1001 1001
20 68 1019 1019
20 69 1019 1019
20 70 986 986
20 71 1013 1013
20 72 1015 1015
20 73 994 994
20 74 1009 1009
20 75 1037 1037
20 76 1045 1045
20 77 973 973
20 78 1021 1021
20 79 970 970
20 80 1010 1010
20 81 992 992
20 82 992 992
20 83 1022 1022
20 84 1017 1017
20 85 1048 1048
20 86 998 998
20 87 975 975
20 88 1014 1014
20 89 1003 1003
20 90 980 980
20 91 1008 1008
20 92 989 989
20 93 990 990
20 94 967 967
20 95 1024 1024
20 96 1033 1033
20 97 1050 1050
20 98 1015 1015
20 99 1014 1014
21 0 1023 1023
21 1 970 970
21 2 997 997
21 3 1038 1038
21 4 1027 1027
21 5 1001 1001
21 6 927 927
21 7 972 972
21 8 1002 1002
21 9 983 983
21 10 949 949
21 11 1013 1013
21 12 977 977
21 13 966 966
21 14 1033 1033
21 15 980 980
21 16 1049 1049
21 17 1021 1021
21 18 1024 1024
21 19 983 983
21 20 974 974
21 21 976 976
21 22 988 988
21 23 1006 1006
21 24 1001 1001
21 25 964 964
21 26 1034 1034
21 27 990 990
21 28 1003 1003
21 29 967 967
21 30 944 944
21 31 1028 1028
21 32 965 965
21 33 958 958
21 34 1025 1025
21 35 1001 1001
21 36 981 981
21 37 1021 1021
21 38 990 990
21 39 975 975
21 40 1000 1000
21 41 974 974
21 42 959 959
21 43 954 954
21 44 1076 1076
21 45 919 919
21 46 1023 1023
21 47 1003 1003
21 48 1052 1052
21 49 1013 1013
21 50 1016 1016
21 51 1033 1033
21 52 1002 1002
21 53 960 960
21 54 1011 1011
21 55 992 992
21 56 1022 1022
21 57 1031 1031
21 58 984 984
21 59 1012 1012
21 60 1023 1023
21 61 953 953
21 62 991 991
21 63 1002 1002
21 64 979 979
21 65 1014 1014
21 66 961 961
21 67 980 980
21 68 951 951
21 69 973 973
21 70 1023 1023
21 71 993 993
21 72 1019 1019
21 73 962 962
21 74 1067 1067
21 75 994 994
21 76 939 939
21 77 1004 1004
21 78 1010 1010
21 79 961 961
21 80 991 991
21 81 975 975
21 82 1004 1004
21 83 1013 1013
21 84 1068 1068
21 85 1021 1021
21 86 1022 1022
21 87 953 953
21 88 1064 1064
21 89 1009 1009
21 90 967 967
21 91 946 946
21 92 1003 1003
21 93 991 991
21 94 990 990
21 95 1042 1042
21 96 1093 1093
21 97 1010 1010
21 98 1022 1022
21 99 997 997
22 0 1026 1026
22 1 990 990
22 2 982 982
22 3 1050 1050
22 4 1015 1015
22 5 995 995
22 6 967 967
22 7 997 997
22 8 994 994
22 9 989 989
22 10 939 939
22 11 1007 1007
22 12 976 976
22 13 1018 1018
22 14 1015 1015
22 15 970 970
22 16 975 975
22 17 982 982
22 18 1068 1068
22 19 1023 1023
22 20 1057 1057
22 21 1036 1036
22 22 1033 1033
22 23 1024 1024
22 24 1039 1039
22 25 963 963
22 26 989 989
22 27 1027 1027
22 28 1011 1011
22 29 960 960
22 30 977 977
22 31 1002 1002
22 32 1017 1017
22 33 937 937
22 34 999 999
22 35 1043 1043
22 36 964 964
22 37 1007 1007
22 38 962 962
22 39 1005 1005
22 40 970 970
22 41 1022 1022
22 42 967 967
22 43 956 956
22 44 1012 1012
22 45 978 978
22 46 983 983
22 47 981 981
22 48 1018 1018
22 49 1023 1023
22 50 971 971
22 51 1014 1014
22 52 961 961
22 53 963 963
22 54 1048 1048
22 55 1034 1034
22 56 1100 1100
22 57 1023 1023
22 58 1014 1014
22 59 974 974
22 60 1025 1025
22 61 1024 1024
22 62 994 994
22 63 1013 1013
22 64 1000 1000
22 65 1081 1081
22 66 1029 1029
22 67 1008 1008
22 68 982 982
22 69 974 974
22 70 1006 1006
22 71 1028 1028
22 72 994 994
22 73 1015 1015
22 74 1004 1004
22 75 998 998
22 76 1032 1032
22 77 970 970
22 78 983 983
22 79 1024 1024
22 80 982 982
22 81 995 995
22 82 1003 1003
22 83 995 995
22 84 933 933
22 85 1045 1045
22 86 1000 1000
22 87 978 978
22 88 1012 1012
22 89 1000 1000
22 90 967 967
22 91 950 950
22 92 990 990
22 93 997 997
22 94 1065 1065
22 95 993 993
22 96 1007 1007
22 97 958 958
22 98 1014 1014
22 99 1042 1042
23 0 1038 1038
23 1 1014 1014
23 2 1016 1016
23 3 1034 1034
23 4 1015 1015
23 5 1077 1077
23 6 1003 1003
23 7 992 992
23 8 1062 1062
23 9 1017 1017
23 10 1018 1018
23 11 1004 1004
23 12 968 968
23 13 1029 1029
23 14 1001 1001
23 15 951 951
23 16 1017 1017
23 17 984 984
23 18 961 961
23 19 967 967
23 20 964 964
23 21 995 995
23 22 1061 1061
23 23 1006 1006
23 24 1004 1004
23 25 994 994
23 26 974 974
23 27 974 974
23 28 1017 1017
23 29 1014 1014
23 30 1016 1016
23 31 1000 1000
23 32 1022 1022
23 33 947 947
23 34 973 973
23 35 1095 1095
23 36 1005 1005
23 37 1019 1019
23 38 1019 1019
23 39 1002 1002
23 40 988 988
23 41 1022 1022
23 42 1009 1009
23 43 992 992
23 44 1027 1027
23 45 961 961
23 46 928 928
23 47 1033 1033
23 48 988 988
23 49 1003 1003
23 50 997 997
23 51 976 976
23 52 1002 1002
23 53 957 957
23 54 1003 1003
23 55 994 994
23 56 980 980
23 57 971 971
23 58 991 991
23 59 993 993
23 60 986 986
23 61 974 974
23 62 976 976
23 63 1016 1016
23 64 990 990
23 65 970 970
23 66 978 978
23 67 967 967
23 68 984 984
23 69 942 942
23 70 996 996
23 71 990 990
23 72 981 981
23 73 976 976
23 74 1015 1015
23 75 947 947
23 76 1080 1080
23 77 997 997
23 78 953 953
23 79 995 995
23 80 1041 1041
23 81 1030 1030
23 82 993 993
23 83 999 999
23 84 977 977
23 85 1076 1076
23 86 1021 1021
23 87 999 999
23 88 1004 1004
23 89 938 938
23 90 963 963
23 91 1044 1044
23 92 985 985
23 93 1048 1048
23 94 957 957
23 95 947 947
23 96 978 978
23 97 977 977
23 98 978 978
23 99 1013 1013
24 0 965 965
24 1 1142 1142
24 2 985 985
24 3 982 982
24 4 966 966
24 5 1023 1023
24 6 975 975
24 7 960 960
24 8 1011 1011
24 9 1043 1043
24 10 985 985
24 11 986 986
24 12 1010 1010
24 13 973 973
24 14 990 990
24 15 991 991
24 16 1000 1000
24 17 1053 1053
24 18 974 974
24 19 970 970
24 20 1002 1002
24 21 1033 1033
24 22 1017 1017
24 23 1002 1002
24 24 963 963
24 25 1040 1040
24 26 996 996
24 27 1074 1074
24 28 987 987
24 29 982 982
24 30 962 962
24 31 928 928
24 32 1037 1037
24 33 1012 1012
24 34 1029 1029
24 35 1005 1005
24 36 960 960
24 37 1026 1026
24 38 1010 1010
24 39 1017 1017
24 40 1005 1005
24 41 1002 1002
24 42 1061 1061
24 43 985 985
24 44 948 948
24 45 1016 1016
24 46 990 990
24 47 1041 1041
24 48 921 921
24 49 953 953
24 50 958 958
24 51 1039 1039
24 52 1006 1006
24 53 1052 1052
24 54 1002 1002
24 55 1008 1008
24 56 990 990
24 57 1037 1037
24 58 1000 1000
24 59 976 976
24 60 1033 1033
24 61 985 985
24 62 1037 1037
24 63 1034 1034
24 64 946 946
24 65 991 991
24 66 1049 1049
24 67 1029 1029
24 68 1009 1009
24 69 1007 1007
24 70 1026 1026
24 71 989 989
24 72 989 989
24 73 945 945
24 74 980 980
24 75 1025 1025
24 76 981 981
24 77 996 996
24 78 1050 1050
24 79 993 993
24 80 1006 1006
24 81 1023 1023
24 82 1009 1009
24 83 993 993
24 84 982 982
24 85 972 972
24 86 968 968
24 87 997 997
24 88 948 948
24 89 957 957
24 90 1017 1017
24 91 1032 1032
24 92 973 973
24 93 979 979
24 94 1032 1032
24 95 1029 1029
24 96 1020 1020
24 97 986 986
24 98 999 999
24 99 977 977
25 0 969 969
25 1 990 990
25 2 929 929
25 3 1007 1007
25 4 1013 1013
25 5 949 949
25 6 1027 1027
25 7 972 972
25 8 1028 1028
25 9 1025 1025
25 10 1005 1005
25 11 1059 1059
25 12 960 960
25 13 985 985
25 14 1003 1003
25 15 1020 1020
25 16 965 965
25 17 1000 1000
25 18 985 985
25 19 987 987
25 20 968 968
25 21 953 953
25 22 1007 1007
25 23 971 971
25 24 1071 1071
25 25 968 968
25 26 999 999
25 27 1017 1017
25 28 1006 1006
25 29 1004 1004
25 30 988 988
25 31 970 970
25 32 969 969
25 33 946 946
25 34 989 989
25 35 1025 1025
25 36 995 995
25 37 990 990
25 38 1038 1038
25 39 1000 1000
25 40 1007 1007
25 41 940 940
25 42 975 975
25 43 1004 1004
25 44 1000 1000
25 45 985 985
25 46 986 986
25 47 963 963
25 48 1019 1019
25 49 993 993
25 50 1010 1010
25 51 971 971
25 52 983 983
25 53 1031 1031
25 54 990 990
25 55 937 937
25 56 959 959
25 57 1043 1043
25 58 1021 1021
25 59 982 982
25 60 991 991
25 61 977 977
25 62 1033 1033
25 63 985 985
25 64 1029 1029
25 65 1048 1048
25 66 1009 1009
25 67 1033 1033
25 68 970 970
25 69 1057 1057
25 70 1047 1047
25 71 1037 1037
25 72 1024 1024
25 73 1007 1007
25 74 1046 1046
25 75 1065 1065
25 76 1041 1041
25 77 1048 1048
25 78 938 938
25 79 1042 1042
25 80 1013 1013
25 81 1033 1033
25 82 1036 1036
25 83 1037 1037
25 84 1040 1040
25 85 978 978
25 86 982 982
25 87 980 980
25 88 974 974
25 89 1035 1035
25 90 1010 1010
25 91 975 975
25 92 1044 1044
25 93 978 978
25 94 964 964
25 95 1028 1028
25 96 1009 1009
25 97 981 981
25 98 1006 1006
25 99 1002 1002
26 0 937 937
26 1 1019 1019
26 2 982 982
26 3 986 986
26 4 1035 1035
26 5 1016 1016
26 6 1040 1040
26 7 985 985
26 8 995 995
26 9 1002 1002
26 10 987 987
26 11 1015 1015
26 12 1028 1028
26 13 988 988
26 14 997 997
26 15 1028 1028
26 16 995 995
26 17 929 929
26 18 960 960
26 19 986 986
26 20 961 961
26 21 990 990
26 22 986 986
26 23 1023 1023
26 24 1033 1033
26 25 998 998
26 26 1045 1045
26 27 1072 1072
26 28 986 986
26 29 997 997
26 30 1012 1012
26 31 991 991
26 32 1076 1076
26 33 1041 1041
26 34 1011 1011
26 35 983 983
26 36 1019 1019
26 37 998 998
26 38 964 964
26 39 1037 1037
26 40 1016 1016
26 41 1031 1031
26 42 918 918
26 43 980 980
26 44 992 992
26 45 1010 1010
26 46 988 988
26 47 1005 1005
26 48 973 973
26 49 1038 1038
26 50 976 976
26 51 986 986
26 52 1038 1038
26 53 1004 1004
26 54 1003 1003
26 55 1019 1019
26 56 953 953
26 57 993 993
26 58 1008 1008
26 59 1025 1025
26 60 1062 1062
26 61 998 998
26 62 928 928
26 63 970 970
26 64 1002 1002
26 65 1043 1043
26 66 993 993
26 67 1045 1045
26 68 1036 1036
26 69 1053 1053
26 70 958 958
26 71 1056 1056
26 72 999 999
26 73 1017 1017
26 74 1040 1040
26 75 985 985
26 76 991 991
26 77 1001 1001
26 78 954 954
26 79 961 961
26 80 999 999
26 81 994 994
26 82 921 921
26 83 948 948
26 84 1047 1047
26 85 979 979
26 86 954 954
26 87 985 985
26 88 1008 1008
26 89 968 968
26 90 1030 1030
26 91 987 987
26 92 1040 1040
26 93 1029 1029
26 94 1048 1048
26 95 1027 1027
26 96 1041 1041
26 97 964 964
26 98 1025 1025
26 99 980 980
27 0 1042 1042
27 1 1060 1060
27 2 1020 1020
27 3 992 992
27 4 1012 1012
27 5 993 993
27 6 955 955
27 7 977 977
27 8 988 988
27 9 974 974
27 10 927 927
27 11 988 988
27 12 954 954
27 13 1033 1033
27 14 1063 1063
27 15 996 996
27 16 998 998
27 17 1047 1047
27 18 978 978
27 19 1022 1022
27 20 975 975
27 21 916 916
27 22 1061 1061
27 23 1006 1006
27 24 1002 1002
27 25 961 961
27 26 997 997
27 27 975 975
27 28 962 962
27 29 925 925
27 30 1005 1005
27 31 1026 1026
27 32 1005 1005
27 33 994 994
27 34 1001 1001
27 35 1049 1049
27 36 980 980
27 37 998 998
27 38 1044 1044
27 39 952 952
27 40 1009 1009
27 41 1031 1031
27 42 984 984
27 43 1000 1000
27 44 1002 1002
27 45 1044 1044
27 46 1032 1032
27 47 1065 1065
27 48 1016 1016
27 49 985 985
27 50 981 981
27 51 965 965
27 52 1020 1020
27 53 979 979
27 54 1014 1014
27 55 1012 1012
27 56 933 933
27 57 937 937
27 58 984 984
27 59 997 997
27 60 961 961
27 61 960 960
27 62 1060 1060
27 63 1019 1019
27 64 1011 1011
27 65 1018 1018
27 66 987 987
27 67 1036 1036
27 68 922 922
27 69 967 967
27 70 1012 1012
27 71 973 973
27 72 990 990
27 73 1009 1009
27 74 989 989
27 75 1014 1014
27 76 1075 1075
27 77 1039 1039
27 78 955 955
27 79 1018 1018
27 80 924 924
27 81 972 972
27 82 1008 1008
27 83 1048 1048
27 84 1034 1034
27 85 999 999
27 86 1032 1032
27 87 987 987
27 88 1003 1003
27 89 1035 1035
27 90 1029 1029
27 91 996 996
27 92 1021 1021
27 93 974 974
27 94 1076 1076
27 95 990 990
27 96 976 976
27 97 976 976
27 98 997 997
27 99 1070 1070
28 0 1000 1000
28 1 1023 1023
28 2 983 983
28 3 1036 1036
28 4 1060 1060
28 5 979 979
28 6 1043 1043
28 7 1034 1034
28 8 992 992
28 9 1018 1018
28 10 1045 1045
28 11 967 967
28 12 1039 1039
28 13 978 978
28 14 1063 1063
28 15 969 969
28 16 1036 1036
28 17 1026 1026
28 18 1048 1048
28 19 992 992
28 20 1053 1053
28 21 991 991
28 22 1046 1046
28 23 990 990
28 24 1049 1049
28 25 1039 1039
28 26 1002 1002
28 27 974 974
28 28 1026 1026
28 29 1021 1021
28 30 1064 1064
28 31 1001 1001
28 32 1008 1008
28 33 1046 1046
28 34 1022 1022
28 35 968 968
28 36 973 973
28 37 1024 1024
28 38 949 949
28 39 988 988
28 40 1006 1006
28 41 1018 1018
28 42 1026 1026
28 43 983 983
28 44 1042 1042
28 45 1017 1017
28 46 983 983
28 47 990 990
28 48 978 978
28 49 989 989
28 50 1003 1003
28 51 997 997
28 52 1017 1017
28 53 947 947
28 54 986 986
28 55 1051 1051
28 56 971 971
28 57 1045 1045
28 58 1023 1023
28 59 1035 1035
28 60 1007 1007
28 61 949 949
28 62 1030 1030
28 63 1014 1014
28 64 1000 1000
28 65 987 987
28 66 1029 1029
28 67 1019 1019
28 68 968 968
28 69 1005 1005
28 70 1063 1063
28 71 963 963
28 72 998 998
28 73 960 960
28 74 1010 1010
28 75 1007 1007
28 76 991 991
28 77 1058 1058
28 78 959 959
28 79 950 950
28 80 985 985
28 81 1040 1040
28 82 1000 1000
28 83 1001 1001
28 84 920 920
28 85 988 988
28 86 1025 1025
28 87 1044 1044
28 88 975 975
28 89 1065 1065
28 90 978 978
28 91 1009 1009
28 92 966 966
28 93 970 970
28 94 1021 1021
28 95 988 988
28 96 1005 1005
28 97 976 976
28 98 1014 1014
28 99 939 939
29 0 949 949
29 1 1028 1028
29 2 1006 1006
29 3 1027 1027
29 4 1005 1005
29 5 1053 1053
29 6 1006 1006
29 7 950 950
29 8 976 976
29 9 1011 1011
29 10 995 995
29 11 997 997
29 12 1007 1007
29 13 1028 1028
29 14 977 977
29 15 987 987
29 16 1028 1028
29 17 950 950
29 18 1011 1011
29 19 991 991
29 20 1020 1020
29 21 924 924
29 22 979 979
29 23 1021 1021
29 24 1043 1043
29 25 1022 1022
29 26 1023 1023
29 27 984 984
29 28 1004 1004
29 29 966 966
29 30 1025 1025
29 31 1055 1055
29 32 1018 1018
29 33 1004 1004
29 34 979 979
29 35 1015 1015
29 36 997 997
29 37 962 962
29 38 1051 1051
29 39 966 966
29 40 990 990
29 41 979 979
29 42 990 990
29 43 1052 1052
29 44 986 986
29 45 1033 1033
29 46 980 980
29 47 1020 1020
29 48 975 975
29 49 1008 1008
29 50 1007 1007
29 51 1016 1016
29 52 929 929
29 53 1021 1021
29 54 1011 1011
29 55 1001 1001
29 56 995 995
29 57 1010 1010
29 58 1045 1045
29 59 1011 1011
29 60 988 988
29 61 986 986
29 62 1031 1031
29 63 1007 1007
29 64 1014 1014
29 65 1028 1028
29 66 975 975
29 67 1044 1044
29 68 1002 1002
29 69 994 994
29 70 939 939
29 71 975 975
29 72 1004 1004
29 73 994 994
29 74 997 997
29 75 1054 1054
29 76 967 967
29 77 1001 1001
29 78 1001 1001
29 79 998 998
29 80 1021 1021
29 81 1004 1004
29 82 984 984
29 83 1007 1007
29 84 1001 1001
29 85 1033 1033
29 86 1012 1012
29 87 998 998
29 88 976 976
29 89 967 967
29 90 1017 1017
29 91 1001 1001
29 92 1010 1010
29 93 1044 1044
29 94 1001 1001
29 95 1025 1025
29 96 979 979
29 97 985 985
29 98 991 991
29 99 1051 1051
30 0 1038 1038
30 1 1007 1007
30 2 973 973
30 3 967 967
30 4 999 999
30 5 974 974
30 6 1064 1064
30 7 958 958
30 8 987 987
30 9 957 957
30 10 983 983
30 11 1030 1030
30 12 1059 1059
30 13 996 996
30 14 963 963
30 15 993 993
30 16 992 992
30 17 981 981
30 18 990 990
30 19 990 990
30 20 996 996
30 21 984 984
30 22 983 983
30 23 1004 1004
30 24 1008 1008
30 25 998 998
30 26 1008 1008
30 27 973 973
30 28 1031 1031
30 29 1018 1018
30 30 976 946
30 31 989 961
30 32 1002 976
30 33 991 967
30 34 1015 984
30 35 988 963
30 36 978 961
30 37 990 968
30 38 1011 991
30 39 1003 977
30 40 953 935
30 41 1016 990
30 42 1012 985
30 43 1038 1009
30 44 991 974
30 45 999 978
30 46 1019 989
30 47 1027 1008
30 48 1013 978
30 49 965 940
30 50 969 944
30 51 1000 973
30 52 950 930
30 53 988 969
30 54 990 966
30 55 985 960
30 56 968 948
30 57 1020 996
30 58 1002 969
30 59 974 958
30 60 995 970
30 61 1001 976
30 62 998 977
30 63 1025 997
30 64 980 960
30 65 943 927
30 66 997 976
30 67 976 950
30 68 1002 976
30 69 952 937
30 70 998 998
30 71 940 940
30 72 1050 1050
30 73 963 963
30 74 952 952
30 75 1001 1001
30 76 1000 1000
30 77 1057 1057
30 78 998 998
30 79 984 984
30 80 978 978
30 81 945 945
30 82 1026 1026
30 83 1025 1025
30 84 966 966
30 85 1009 1009
30 86 1031 1031
30 87 924 924
30 88 1014 1014
30 89 983 983
30 90 924 924
30 91 930 930
30 92 1033 1033
30 93 1020 1020
30 94 1013 1013
30 95 982 982
30 96 987 987
30 97 1031 1031
30 98 965 965
30 99 993 993
31 0 1020 1020
31 1 1001 1001
31 2 1032 1032
31 3 1043 1043
31 4 1078 1078
31 5 1006 1006
31 6 1032 1032
31 7 1024 1024
31 8 985 985
31 9 1045 1045
31 10 966 966
31 11 1007 1007
31 12 975 975
31 13 963 963
31 14 981 981
31 15 980 980
31 16 979 979
31 17 979 979
31 18 1035 1035
31 19 996 996
31 20 1011 1011
31 21 1016 1016
31 22 1020 1020
31 23 1014 1014
31 24 1030 1030
31 25 1024 1024
31 26 987 987
31 27 962 962
31 28 1026 1026
31 29 968 968
31 30 999 912
31 31 984 921
31 32 1028 951
31 33 965 887
31 34 1036 970
31 35 1034 957
31 36 981 896
31 37 948 879
31 38 1029 934
31 39 995 917
31 40 1023 928
31 41 1009 925
31 42 987 903
31 43 976 907
31 44 957 875
31 45 1014 939
31 46 1020 935
31 47 998 933
31 48 964 884
31 49 985 907
31 50 1063 983
31 51 1025 951
31 52 993 915
31 53 969 911
31 54 1025 952
31 55 1021 934
31 56 1064 973
31 57 996 919
31 58 956 877
31 59 983 917
31 60 1026 947
31 61 1032 956
31 62 1011 933
31 63 1012 931
31 64 1019 942
31 65 1017 916
31 66 967 892
31 67 1000 920
31 68 1071 986
31 69 1060 987
31 70 1061 1061
31 71 1030 1030
31 72 999 999
31 73 963 963
31 74 1010 1010
31 75 994 994
31 76 1007 1007
31 77 1057 1057
31 78 1017 1017
31 79 1009 1009
31 80 1027 1027
31 81 966 966
31 82 1023 1023
31 83 986 986
31 84 1007 1007
31 85 966 966
31 86 1007 1007
31 87 1057 1057
31 88 1004 1004
31 89 960 960
31 90 976 976
31 91 1028 1028
31 92 1002 1002
31 93 1093 1093
31 94 996 996
31 95 975 975
31 96 1002 1002
31 97 1009 1009
31 98 1022 1022
31 99 979 979
32 0 974 974
32 1 999 999
32 2 945 945
32 3 1031 1031
32 4 1023 1023
32 5 1023 1023
32 6 984 984
32 7 966 966
32 8 1016 1016
32 9 1079 1079
32 10 979 979
32 11 983 983
32 12 1047 1047
32 13 975 975
32 14 959 959
32 15 1049 1049
32 16 1012 1012
32 17 1025 1025
32 18 1003 1003
32 19 955 955
32 20 976 976
32 21 1057 1057
32 22 991 991
32 23 1034 1034
32 24 1037 1037
32 25 987 987
32 26 973 973
32 27 971 971
32 28 1048 1048
32 29 1027 1027
32 30 1024 900
32 31 998 898
32 32 1023 901
32 33 1012 886
32 34 986 863
32 35 969 849
32 36 1007 884
32 37 1014 898
32 38 996 875
32 39 1021 892
32 40 993 857
32 41 1052 923
32 42 925 802
32 43 982 853
32 44 973 856
32 45 979 841
32 46 961 847
32 47 1003 880
32 48 1071 935
32 49 1003 880
32 50 1057 946
32 51 1032 900
32 52 994 863
32 53 998 866
32 54 1038 920
32 55 1055 928
32 56 983 859
32 57 1044 946
32 58 980 856
32 59 1005 884
32 60 1001 890
32 61 1014 892
32 62 987 878
32 63 1017 905
32 64 979 855
32 65 999 892
32 66 986 864
32 67 1019 889
32 68 981 868
32 69 1027 902
32 70 974 974
32 71 1046 1046
32 72 1037 1037
32 73 998 998
32 74 1006 1006
32 75 977 977
32 76 1026 1026
32 77 978 978
32 78 977 977
32 79 967 967
32 80 1070 1070
32 81 1031 1031
32 82 982 982
32 83 1046 1046
32 84 998 998
32 85 975 975
32 86 1011 1011
32 87 1021 1021
32 88 1007 1007
32 89 1054 1054
32 90 1052 1052
32 91 1023 1023
32 92 1036 1036
32 93 1028 1028
32 94 1024 1024
32 95 1020 1020
32 96 1006 1006
32 97 983 983
32 98 1035 1035
32 99 1056 1056
33 0 1028 1028
33 1 966 966
33 2 993 993
33 3 957 957
33 4 988 988
33 5 955 955
33 6 989 989
33 7 936 936
33 8 960 960
33 9 974 974
33 10 1026 1026
33 11 974 974
33 12 1010 1010
33 13 970 970
33 14 1029 1029
33 15 1005 1005
33 16 994 994
33 17 1008 1008
33 18 989 989
33 19 987 987
33 20 1024 1024
33 21 1024 1024
33 22 937 937
33 23 1000 1000
33 24 975 975
33 25 992 992
33 26 1045 1045
33 27 1001 1001
33 28 1008 1008
33 29 993 993
33 30 984 809
33 31 1007 856
33 32 983 826
33 33 1031 867
33 34 957 780
33 35 986 830
33 36 1013 845
33 37 1001 816
33 38 1010 851
33 39 984 815
33 40 1002 835
33 41 1023 834
33 42 972 818
33 43 958 805
33 44 981 825
33 45 992 845
33 46 954 769
33 47 984 819
33 48 997 828
33 49 1009 834
33 50 1030 847
33 51 982 807
33 52 964 791
33 53 983 809
33 54 1014 854
33 55 994 826
33 56 966 831
33 57 999 845
33 58 1023 869
33 59 950 807
33 60 1035 855
33 61 998 841
33 62 987 816
33 63 995 831
33 64 986 826
33 65 1001 813
33 66 994 829
33 67 975 797
33 68 1003 830
33 69 965 790
33 70 1034 1034
33 71 951 951
33 72 1032 1032
33 73 988 988
33 74 1019 1019
33 75 990 990
33 76 1031 1031
33 77 950 950
33 78 1008 1008
33 79 1063 1063
33 80 991 991
33 81 1016 1016
33 82 1024 1024
33 83 1059 1059
33 84 1020 1020
33 85 955 955
33 86 975 975
33 87 1023 1023
33 88 998 998
33 89 959 959
33 90 1024 1024
33 91 1031 1031
33 92 1016 1016
33 93 975 975
33 94 954 954
33 95 1046 1046
33 96 942 942
33 97 1012 1012
33 98 1021 1021
33 99 1058 1058
34 0 1086 1086
34 1 980 980
34 2 1062 1062
34 3 942 942
34 4 1008 1008
34 5 988 988
34 6 951 951
34 7 991 991
34 8 1013 1013
34 9 1003 1003
34 10 1025 1025
34 11 1013 1013
34 12 1013 1013
34 13 1040 1040
34 14 1012 1012
34 15 1005 1005
34 16 967 967
34 17 970 970
34 18 981 981
34 19 1028 1028
34 20 1016 1016
34 21 1038 1038
34 22 988 988
34 23 1036 1036
34 24 1015 1015
34 25 1013 1013
34 26 997 997
34 27 1042 1042
34 28 1009 1009
34 29 1010 1010
34 30 980 772
34 31 991 769
34 32 1048 824
34 33 957 776
34 34 992 765
34 35 971 774
34 36 980 761
34 37 964 757
34 38 1056 825
34 39 946 749
34 40 1003 809
34 41 1012 803
34 42 1001 791
34 43 953 767
34 44 978 764
34 45 1041 799
34 46 951 762
34 47 1009 778
34 48 1029 814
34 49 1004 813
34 50 1028 814
34 51 995 757
34 52 997 791
34 53 961 768
34 54 1043 828
34 55 988 800
34 56 989 767
34 57 958 724
34 58 1037 810
34 59 1022 828
34 60 1017 795
34 61 1048 827
34 62 1018 793
34 63 1024 816
34 64 965 765
34 65 1007 781
34 66 1011 785
34 67 976 783
34 68 1008 790
34 69 992 801
34 70 1033 1033
34 71 972 972
34 72 996 996
34 73 976 976
34 74 930 930
34 75 991 991
34 76 1051 1051
34 77 1003 1003
34 78 1023 1023
34 79 997 997
34 80 1007 1007
34 81 1049 1049
34 82 982 982
34 83 1002 1002
34 84 1038 1038
34 85 1036 1036
34 86 1009 1009
34 87 961 961
34 88 954 954
34 89 1056 1056
34 90 1013 1013
34 91 992 992
34 92 997 997
34 93 964 964
34 94 998 998
34 95 995 995
34 96 1001 1001
34 97 1004 1004
34 98 1004 1004
34 99 915 915
35 0 985 985
35 1 1034 1034
35 2 1015 1015
35 3 1090 1090
35 4 1003 1003
35 5 1008 1008
35 6 1007 1007
35 7 1010 1010
35 8 1045 1045
35 9 1008 1008
35 10 1009 1009
35 11 1005 1005
35 12 999 999
35 13 999 999
35 14 988 988
35 15 1013 1013
35 16 1004 1004
35 17 993 993
35 18 972 972
35 19 966 966
35 20 969 969
35 21 1047 1047
35 22 994 994
35 23 994 994
35 24 995 995
35 25 1002 1002
35 26 990 990
35 27 973 973
35 28 975 975
35 29 1020 1020
35 30 998 753
35 31 990 744
35 32 1003 748
35 33 1043 778
35 34 995 733
35 35 1000 733
35 36 1048 778
35 37 998 739
35 38 1020 754
35 39 1000 757
35 40 1002 756
35 41 989 740
35 42 983 768
35 43 1056 789
35 44 1001 754
35 45 999 740
35 46 950 729
35 47 1037 776
35 48 1011 751
35 49 977 753
35 50 1026 774
35 51 1012 789
35 52 1013 738
35 53 1019 760
35 54 998 749
35 55 1004 765
35 56 936 668
35 57 1036 801
35 58 988 735
35 59 961 721
35 60 994 751
35 61 973 726
35 62 1017 754
35 63 985 720
35 64 1039 738
35 65 998 727
35 66 929 703
35 67 1024 780
35 68 1054 782
35 69 1003 753
35 70 999 999
35 71 955 955
35 72 993 993
35 73 1023 1023
35 74 972 972
35 75 1048 1048
35 76 1011 1011
35 77 980 980
35 78 1017 1017
35 79 1000 1000
35 80 1017 1017
35 81 1026 1026
35 82 931 931
35 83 979 979
35 84 993 993
35 85 990 990
35 86 1006 1006
35 87 1002 1002
35 88 990 990
35 89 953 953
35 90 1020 1020
35 91 1000 1000
35 92 971 971
35 93 1001 1001
35 94 1032 1032
35 95 973 973
35 96 1022 1022
35 97 944 944
35 98 1030 1030
35 99 964 964
36 0 985 985
36 1 985 985
36 2 984 984
36 3 1037 1037
36 4 965 965
36 5 966 966
36 6 1052 1052
36 7 988 988
36 8 1017 1017
36 9 996 996
36 10 960 960
36 11 948 948
36 12 1022 1022
36 13 1011 1011
36 14 966 966
36 15 970 970
36 16 957 957
36 17 963 963
36 18 952 952
36 19 1013 1013
36 20 1005 1005
36 21 968 968
36 22 1024 1024
36 23 1035 1035
36 24 1022 1022
36 25 996 996
36 26 1002 1002
36 27 967 967
36 28 1027 1027
36 29 976 976
36 30 968 695
36 31 1001 702
36 32 935 631
36 33 1052 751
36 34 1025 748
36 35 1014 733
36 36 992 713
36 37 990 694
36 38 1073 750
36 39 1030 721
36 40 959 681
36 41 1014 721
36 42 1017 707
36 43 966 676
36 44 984 719
36 45 1001 718
36 46 1036 732
36 47 996 700
36 48 990 680
36 49 954 673
36 50 982 690
36 51 978 698
36 52 1024 719
36 53 1046 736
36 54 994 736
36 55 977 701
36 56 1026 721
36 57 1007 719
36 58 1005 726
36 59 957 677
36 60 1062 730
36 61 1006 709
36 62 1010 716
36 63 1003 722
36 64 1013 738
36 65 984 692
36 66 1014 708
36 67 986 700
36 68 928 650
36 69 1015 731
36 70 1012 1012
36 71 1028 1028
36 72 1064 1064
36 73 999 999
36 74 979 979
36 75 964 964
36 76 967 967
36 77 949 949
36 78 1047 1047
36 79 1031 1031
36 80 1001 1001
36 81 1052 1052
36 82 1014 1014
36 83 1033 1033
36 84 1020 1020
36 85 1003 1003
36 86 982 982
36 87 983 983
36 88 964 964
36 89 1001 1001
36 90 1011 1011
36 91 1041 1041
36 92 974 974
36 93 1052 1052
36 94 957 957
36 95 949 949
36 96 990 990
36 97 989 989
36 98 970 970
36 99 989 989
37 0 1010 1010
37 1 1015 1015
37 2 1053 1053
37 3 974 974
37 4 983 983
37 5 929 929
37 6 969 969
37 7 963 963
37 8 963 963
37 9 1048 1048
37 10 1025 1025
37 11 974 974
37 12 988 988
37 13 1035 1035
37 14 939 939
37 15 1000 1000
37 16 1002 1002
37 17 1027 1027
37 18 1013 1013
37 19 989 989
37 20 1002 1002
37 21 968 968
37 22 969 969
37 23 1041 1041
37 24 985 985
37 25 961 961
37 26 1005 1005
37 27 1038 1038
37 28 952 952
37 29 1030 1030
37 30 967 660
37 31 970 656
37 32 1019 708
37 33 965 679
37 34 1042 698
37 35 1028 706
37 36 1046 724
37 37 1029 686
37 38 1014 707
37 39 959 628
37 40 947 640
37 41 1006 667
37 42 1014 704
37 43 1018 717
37 44 1030 717
37 45 975 651
37 46 1006 680
37 47 951 632
37 48 1062 716
37 49 967 656
37 50 1019 696
37 51 1026 682
37 52 993 647
37 53 1002 652
37 54 993 634
37 55 975 666
37 56 1007 711
37 57 1025 707
37 58 931 651
37 59 1052 727
37 60 1025 687
37 61 999 667
37 62 1023 712
37 63 999 665
37 64 1035 708
37 65 986 670
37 66 987 677
37 67 1005 686
37 68 972 675
37 69 1004 665
37 70 1047 1047
37 71 942 942
37 72 962 962
37 73 995 995
37 74 1028 1028
37 75 994 994
37 76 1014 1014
37 77 1011 1011
37 78 1001 1001
37 79 997 997
37 80 956 956
37 81 982 982
37 82 1079 1079
37 83 985 985
37 84 1031 1031
37 85 991 991
37 86 1027 1027
37 87 1011 1011
37 88 1002 1002
37 89 989 989
37 90 983 983
37 91 964 964
37 92 986 986
37 93 1001 1001
37 94 1019 1019
37 95 1008 1008
37 96 947 947
37 97 1037 1037
37 98 992 992
37 99 1023 1023
38 0 1053 1053
38 1 1012 1012
38 2 987 987
38 3 998 998
38 4 968 968
38 5 998 998
38 6 986 986
38 7 976 976
38 8 1001 1001
38 9 993 993
38 10 991 991
38 11 1019 1019
38 12 983 983
38 13 936 936
38 14 987 987
38 15 984 984
38 16 996 996
38 17 1012 1012
38 18 1003 1003
38 19 959 959
38 20 976 976
38 21 1003 1003
38 22 983 983
38 23 996 996
38 24 1021 1021
38 25 993 993
38 26 983 983
38 27 1016 1016
38 28 945 945
38 29 1018 1018
38 30 994 643
38 31 1004 643
38 32 968 636
38 33 1031 652
38 34 989 632
38 35 998 626
38 36 998 637
38 37 1057 662
38 38 1022 649
38 39 1026 677
38 40 991 619
38 41 1033 679
38 42 997 641
38 43 980 643
38 44 978 652
38 45 982 633
38 46 978 623
38 47 997 645
38 48 982 664
38 49 993 614
38 50 994 624
38 51 1055 682
38 52 1001 628
38 53 1065 689
38 54 1038 664
38 55 973 620
38 56 990 640
38 57 1020 640
38 58 952 607
38 59 1047 661
38 60 996 657
38 61 1024 654
38 62 1024 655
38 63 1034 695
38 64 995 646
38 65 1032 685
38 66 998 632
38 67 1022 663
38 68 1011 646
38 69 1052 682
38 70 948 948
38 71 1018 1018
38 72 970 970
38 73 1005 1005
38 74 1045 1045
38 75 983 983
38 76 1020 1020
38 77 960 960
38 78 1012 1012
38 79 1056 1056
38 80 991 991
38 81 944 944
38 82 1035 1035
38 83 970 970
38 84 1002 1002
38 85 985 985
38 86 1022 1022
38 87 954 954
38 88 984 984
38 89 1014 1014
38 90 972 972
38 91 967 967
38 92 1010 1010
38 93 1011 1011
38 94 1026 1026
38 95 1000 1000
38 96 1008 1008
38 97 977 977
38 98 1063 1063
38 99 1050 1050
39 0 1000 1000
39 1 942 942
39 2 990 990
39 3 1016 1016
39 4 976 976
39 5 973 973
39 6 994 994
39 7 961 961
39 8 1031 1031
39 9 976 976
39 10 1019 1019
39 11 1034 1034
39 12 1067 1067
39 13 939 939
39 14 1024 1024
39 15 969 969
39 16 1027 1027
39 17 1019 1019
39 18 1028 1028
39 19 898 898
39 20 1007 1007
39 21 1004 1004
39 22 1060 1060
39 23 992 992
39 24 944 944
39 25 998 998
39 26 1010 1010
39 27 1026 1026
39 28 990 990
39 29 1008 1008
39 30 1014 609
39 31 1011 632
39 32 1001 584
39 33 1011 604
39 34 940 563
39 35 1082 674
39 36 996 625
39 37 1062 640
39 38 1005 613
39 39 1011 606
39 40 1037 613
39 41 1028 639
39 42 1013 607
39 43 1027 629
39 44 1012 628
39 45 1029 624
39 46 982 594
39 47 1035 641
39 48 1013 637
39 49 930 575
39 50 961 543
39 51 934 560
39 52 992 583
39 53 946 574
39 54 1001 624
39 55 967 582
39 56 932 562
39 57 1006 623
39 58 1040 617
39 59 1022 635
39 60 962 591
39 61 1075 655
39 62 1011 616
39 63 980 587
39 64 1024 607
39 65 980 608
39 66 1001 606
39 67 1005 618
39 68 1037 637
39 69 1002 607
39 70 989 989
39 71 1088 1088
39 72 1034 1034
39 73 962 962
39 74 999 999
39 75 1028 1028
39 76 996 996
39 77 935 935
39 78 1001 1001
39 79 999 999
39 80 989 989
39 81 991 991
39 82 975 975
39 83 979 979
39 84 1032 1032
39 85 1002 1002
39 86 1005 1005
39 87 1045 1045
39 88 1061 1061
39 89 994 994
39 90 997 997
39 91 1038 1038
39 92 996 996
39 93 992 992
39 94 924 924
39 95 995 995
39 96 1056 1056
39 97 980 980
39 98 996 996
39 99 987 987
40 0 1013 1013
40 1 1040 1040
40 2 1020 1020
40 3 1030 1030
40 4 1019 1019
40 5 977 977
40 6 992 992
40 7 1005 1005
40 8 1070 1070
40 9 1016 1016
40 10 1001 1001
40 11 1021 1021
40 12 939 939
40 13 1031 1031
40 14 1024 1024
40 15 1056 1056
40 16 968 968
40 17 967 967
40 18 995 995
40 19 979 979
40 20 1017 1017
40 21 955 955
40 22 1024 1024
40 23 1028 1028
40 24 1033 1033
40 25 1014 1014
40 26 1049 1049
40 27 993 993
40 28 1030 1030
40 29 1016 1016
40 30 1004 589
40 31 1037 599
40 32 1011 589
40 33 1022 578
40 34 976 548
40 35 996 565
40 36 975 564
40 37 1003 562
40 38 1024 581
40 39 1020 578
40 40 926 502
40 41 1030 598
40 42 986 562
40 43 948 538
40 44 1010 577
40 45 1047 620
40 46 1001 563
40 47 985 568
40 48 952 529
40 49 947 540
40 50 1070 617
40 51 1044 596
40 52 954 537
40 53 928 515
40 54 986 547
40 55 1008 581
40 56 971 571
40 57 988 542
40 58 1037 577
40 59 1019 609
40 60 1036 602
40 61 969 579
40 62 983 549
40 63 1060 616
40 64 1014 592
40 65 970 556
40 66 981 572
40 67 1063 628
40 68 1013 581
40 69 1031 625
40 70 1049 1049
40 71 1020 1020
40 72 1011 1011
40 73 1004 1004
40 74 965 965
40 75 1019 1019
40 76 972 972
40 77 1011 1011
40 78 954 954
40 79 1023 1023
40 80 1012 1012
40 81 1013 1013
40 82 975 975
40 83 1015 1015
40 84 1014 1014
40 85 1040 1040
40 86 957 957
40 87 977 977
40 88 991 991
40 89 1015 1015
40 90 1008 1008
40 91 947 947
40 92 943 943
40 93 997 997
40 94 976 976
40 95 1020 1020
40 96 1014 1014
40 97 997 997
40 98 1029 1029
40 99 1005 1005
41 0 995 995
41 1 936 936
41 2 1007 1007
41 3 1004 1004
41 4 1022 1022
41 5 1020 1020
41 6 1015 1015
41 7 1007 1007
41 8 975 975
41 9 1010 1010
41 10 1032 1032
41 11 1001 1001
41 12 1091 1091
41 13 1007 1007
41 14 1028 1028
41 15 1013 1013
41 16 966 966
41 17 1019 1019
41 18 993 993
41 19 958 958
41 20 1038 1038
41 21 999 999
41 22 1001 1001
41 23 1031 1031
41 24 950 950
41 25 1007 1007
41 26 1020 1020
41 27 1026 1026
41 28 994 994
41 29 976 976
41 30 1066 602
41 31 1033 578
41 32 912 493
41 33 997 533
41 34 1008 533
41 35 1052 576
41 36 1063 578
41 37 944 510
41 38 985 532
41 39 958 553
41 40 969 554
41 41 987 542
41 42 969 543
41 43 969 540
41 44 990 551
41 45 1017 552
41 46 1010 556
41 47 945 536
41 48 1034 558
41 49 968 527
41 50 1003 531
41 51 976 536
41 52 1011 557
41 53 995 558
41 54 970 523
41 55 1022 577
41 56 974 507
41 57 1013 580
41 58 994 532
41 59 1027 552
41 60 1002 541
41 61 1022 594
41 62 963 518
41 63 979 518
41 64 979 527
41 65 988 552
41 66 976 534
41 67 1005 549
41 68 991 563
41 69 1004 579
41 70 1019 1019
41 71 976 976
41 72 1018 1018
41 73 981 981
41 74 1017 1017
41 75 942 942
41 76 980 980
41 77 1003 1003
41 78 947 947
41 79 952 952
41 80 993 993
41 81 1011 1011
41 82 991 991
41 83 1014 1014
41 84 990 990
41 85 987 987
41 86 1005 1005
41 87 991 991
41 88 967 967
41 89 1003 1003
41 90 950 950
41 91 987 987
41 92 1028 1028
41 93 1044 1044
41 94 1025 1025
41 95 954 954
41 96 996 996
41 97 1046 1046
41 98 936 936
41 99 990 990
42 0 1006 1006
42 1 1004 1004
42 2 1005 1005
42 3 1001 1001
42 4 1044 1044
42 5 1049 1049
42 6 1009 1009
42 7 968 968
42 8 963 963
42 9 982 982
42 10 1005 1005
42 11 995 995
42 12 958 958
42 13 982 982
42 14 955 955
42 15 987 987
42 16 999 999
42 17 1065 1065
42 18 1005 1005
42 19 983 983
42 20 1057 1057
42 21 1001 1001
42 22 1035 1035
42 23 1040 1040
42 24 978 978
42 25 997 997
42 26 1000 1000
42 27 1014 1014
42 28 970 970
42 29 1037 1037
42 30 967 482
42 31 1003 507
42 32 927 479
42 33 968 499
42 34 1032 539
42 35 991 524
42 36 1010 530
42 37 1039 546
42 38 934 456
42 39 1023 553
42 40 1036 534
42 41 967 527
42 42 988 505
42 43 975 509
42 44 944 488
42 45 1018 551
42 46 1024 541
42 47 937 501
42 48 1046 541
42 49 973 514
42 50 993 511
42 51 1016 533
42 52 1036 533
42 53 993 512
42 54 971 492
42 55 1003 539
42 56 1033 515
42 57 1018 521
42 58 988 514
42 59 1025 517
42 60 974 496
42 61 950 493
42 62 991 505
42 63 973 509
42 64 1021 523
42 65 1039 573
42 66 1019 539
42 67 1000 507
42 68 1010 533
42 69 981 515
42 70 1025 1025
42 71 1004 1004
42 72 1006 1006
42 73 1003 1003
42 74 1082 1082
42 75 928 928
42 76 1016 1016
42 77 1029 1029
42 78 935 935
42 79 926 926
42 80 957 957
42 81 1036 1036
42 82 1016 1016
42 83 1013 1013
42 84 986 986
42 85 1015 1015
42 86 1048 1048
42 87 960 960
42 88 1058 1058
42 89 1039 1039
42 90 986 986
42 91 966 966
42 92 958 958
42 93 1005 1005
42 94 1043 1043
42 95 979 979
42 96 1028 1028
42 97 1008 1008
42 98 1009 1009
42 99 1001 1001
43 0 981 981
43 1 951 951
43 2 1036 1036
43 3 996 996
43 4 1039 1039
43 5 1003 1003
43 6 969 969
43 7 980 980
43 8 969 969
43 9 1075 1075
43 10 966 966
43 11 987 987
43 12 996 996
43 13 957 957
43 14 986 986
43 15 1017 1017
43 16 1035 1035
43 17 995 995
43 18 1044 1044
43 19 1005 1005
43 20 1005 1005
43 21 1049 1049
43 22 1005 1005
43 23 967 967
43 24 978 978
43 25 1013 1013
43 26 988 988
43 27 992 992
43 28 1008 1008
43 29 1007 1007
43 30 935 449
43 31 975 480
43 32 1012 483
43 33 1039 534
43 34 1010 501
43 35 1046 529
43 36 1011 504
43 37 949 461
43 38 1007 468
43 39 963 482
43 40 999 500
43 41 988 499
43 42 963 469
43 43 974 502
43 44 996 500
43 45 1015 483
43 46 1014 495
43 47 1012 526
43 48 902 437
43 49 1017 507
43 50 963 471
43 51 997 453
43 52 1014 503
43 53 998 504
43 54 972 478
43 55 1060 501
43 56 998 504
43 57 1060 492
43 58 973 464
43 59 1014 477
43 60 976 471
43 61 1049 500
43 62 1000 515
43 63 1017 504
43 64 1022 507
43 65 961 491
43 66 1020 479
43 67 989 494
43 68 1054 531
43 69 992 491
43 70 992 992
43 71 1043 1043
43 72 972 972
43 73 985 985
43 74 1043 1043
43 75 1042 1042
43 76 981 981
43 77 938 938
43 78 1049 1049
43 79 975 975
43 80 924 924
43 81 966 966
43 82 951 951
43 83 1044 1044
43 84 1015 1015
43 85 1023 1023
43 86 1009 1009
43 87 997 997
43 88 968 968
43 89 982 982
43 90 1020 1020
43 91 957 957
43 92 1023 1023
43 93 1001 1001
43 94 971 971
43 95 1000 1000
43 96 991 991
43 97 944 944
43 98 979 979
43 99 1023 1023
44 0 1074 1074
44 1 1034 1034
44 2 1024 1024
44 3 995 995
44 4 991 991
44 5 1030 1030
44 6 975 975
44 7 984 984
44 8 1011 1011
44 9 979 979
44 10 959 959
44 11 1054 1054
44 12 1029 1029
44 13 990 990
44 14 981 981
44 15 963 963
44 16 1041 1041
44 17 1022 1022
44 18 942 942
44 19 990 990
44 20 999 999
44 21 1000 1000
44 22 1037 1037
44 23 1014 1014
44 24 976 976
44 25 980 980
44 26 978 978
44 27 1045 1045
44 28 992 992
44 29 987 987
44 30 1015 469
44 31 993 484
44 32 996 455
44 33 1005 479
44 34 1033 471
44 35 959 470
44 36 1015 459
44 37 999 466
44 38 1066 499
44 39 985 443
44 40 990 473
44 41 982 452
44 42 987 462
44 43 1004 466
44 44 968 473
44 45 1050 477
44 46 948 415
44 47 1005 470
44 48 1034 475
44 49 1007 481
44 50 1038 487
44 51 1038 471
44 52 1017 467
44 53 1005 451
44 54 994 459
44 55 1019 511
44 56 1024 455
44 57 1053 476
44 58 1021 501
44 59 956 441
44 60 1001 478
44 61 989 491
44 62 942 448
44 63 1057 479
44 64 1026 489
44 65 979 470
44 66 995 450
44 67 1002 468
44 68 1072 508
44 69 1034 482
44 70 975 975
44 71 1010 1010
44 72 1036 1036
44 73 999 999
44 74 1019 1019
44 75 990 990
44 76 1021 1021
44 77 939 939
44 78 1045 1045
44 79 1060 1060
44 80 970 970
44 81 1027 1027
44 82 1004 1004
44 83 991 991
44 84 1058 1058
44 85 1006 1006
44 86 964 964
44 87 941 941
44 88 958 958
44 89 1029 1029
44 90 1007 1007
44 91 1017 1017
44 92 981 981
44 93 948 948
44 94 1016 1016
44 95 1011 1011
44 96 1021 1021
44 97 999 999
44 98 964 964
44 99 1012 1012
45 0 1043 1043
45 1 992 992
45 2 993 993
45 3 925 925
45 4 987 987
45 5 1003 1003
45 6 934 934
45 7 992 992
45 8 958 958
45 9 1004 1004
45 10 945 945
45 11 1064 1064
45 12 968 968
45 13 1003 1003
45 14 1041 1041
45 15 1038 1038
45 16 995 995
45 17 970 970
45 18 967 967
45 19 969 969
45 20 1006 1006
45 21 1047 1047
45 22 995 995
45 23 987 987
45 24 1022 1022
45 25 948 948
45 26 981 981
45 27 936 936
45 28 938 938
45 29 1008 1008
45 30 977 413
45 31 992 448
45 32 1031 456
45 33 987 441
45 34 947 424
45 35 999 434
45 36 968 416
45 37 1021 431
45 38 989 447
45 39 1018 446
45 40 974 403
45 41 989 438
45 42 1016 449
45 43 926 423
45 44 992 443
45 45 961 406
45 46 1011 445
45 47 1015 478
45 48 957 420
45 49 1033 460
45 50 982 426
45 51 987 443
45 52 1076 488
45 53 967 436
45 54 1015 445
45 55 964 442
45 56 981 402
45 57 1001 459
45 58 1008 461
45 59 1075 471
45 60 974 400
45 61 973 394
45 62 966 420
45 63 934 412
45 64 975 451
45 65 1005 464
45 66 1008 456
45 67 1075 474
45 68 980 449
45 69 1004 463
45 70 1051 1051
45 71 981 981
45 72 960 960
45 73 1014 1014
45 74 981 981
45 75 993 993
45 76 1008 1008
45 77 951 951
45 78 987 987
45 79 1015 1015
45 80 978 978
45 81 1005 1005
45 82 958 958
45 83 950 950
45 84 972 972
45 85 1012 1012
45 86 1036 1036
45 87 943 943
45 88 1039 1039
45 89 1005 1005
45 90 980 980
45 91 1034 1034
45 92 947 947
45 93 985 985
45 94 994 994
45 95 1021 1021
45 96 998 998
45 97 963 963
45 98 971 971
45 99 1045 1045
46 0 1048 1048
46 1 1040 1040
46 2 903 903
46 3 946 946
46 4 998 998
46 5 1002 1002
46 6 978 978
46 7 1016 1016
46 8 968 968
46 9 1022 1022
46 10 1038 1038
46 11 1019 1019
46 12 980 980
46 13 1053 1053
46 14 977 977
46 15 935 935
46 16 995 995
46 17 1027 1027
46 18 982 982
46 19 1052 1052
46 20 1026 1026
46 21 993 993
46 22 1011 1011
46 23 1006 1006
46 24 998 998
46 25 1034 1034
46 26 991 991
46 27 990 990
46 28 993 993
46 29 1030 1030
46 30 953 401
46 31 1012 418
46 32 1005 410
46 33 998 430
46 34 938 401
46 35 1031 431
46 36 1028 447
46 37 1039 440
46 38 1039 426
46 39 986 403
46 40 984 407
46 41 1005 453
46 42 986 413
46 43 971 411
46 44 1029 430
46 45 1043 426
46 46 1000 440
46 47 974 418
46 48 1005 383
46 49 1003 387
46 50 1007 446
46 51 1022 422
46 52 994 381
46 53 1028 446
46 54 983 398
46 55 969 435
46 56 934 380
46 57 951 410
46 58 973 408
46 59 1020 461
46 60 966 380
46 61 1012 406
46 62 1014 408
46 63 975 389
46 64 939 424
46 65 998 407
46 66 966 407
46 67 1007 401
46 68 963 406
46 69 963 432
46 70 970 970
46 71 1016 1016
46 72 1010 1010
46 73 952 952
46 74 989 989
46 75 955 955
46 76 1031 1031
46 77 967 967
46 78 970 970
46 79 954 954
46 80 1010 1010
46 81 1014 1014
46 82 1011 1011
46 83 995 995
46 84 1040 1040
46 85 1018 1018
46 86 1015 1015
46 87 964 964
46 88 988 988
46 89 1019 1019
46 90 945 945
46 91 1023 1023
46 92 1068 1068
46 93 979 979
46 94 995 995
46 95 991 991
46 96 980 980
46 97 994 994
46 98 935 935
46 99 978 978
47 0 965 965
47 1 979 979
47 2 985 985
47 3 1019 1019
47 4 980 980
47 5 1021 1021
47 6 1017 1017
47 7 976 976
47 8 1089 1089
47 9 1020 1020
47 10 980 980
47 11 1010 1010
47 12 1005 1005
47 13 1027 1027
47 14 997 997
47 15 961 961
47 16 956 956
47 17 927 927
47 18 996 996
47 19 1019 1019
47 20 981 981
47 21 980 980
47 22 987 987
47 23 1022 1022
47 24 1035 1035
47 25 1040 1040
47 26 973 973
47 27 1049 1049
47 28 1016 1016
47 29 1005 1005
47 30 981 417
47 31 939 366
47 32 980 406
47 33 1008 391
47 34 1037 410
47 35 1006 381
47 36 1042 411
47 37 1052 407
47 38 994 382
47 39 997 407
47 40 1016 404
47 41 983 392
47 42 1018 382
47 43 985 415
47 44 1047 436
47 45 972 389
47 46 989 403
47 47 963 377
47 48 1039 407
47 49 1031 418
47 50 1009 397
47 51 997 422
47 52 1044 416
47 53 955 359
47 54 1008 407
47 55 1006 407
47 56 996 411
47 57 1042 427
47 58 985 400
47 59 1046 422
47 60 1005 390
47 61 985 412
47 62 966 383
47 63 992 399
47 64 1011 408
47 65 991 398
47 66 1008 405
47 67 947 381
47 68 1039 406
47 69 1021 408
47 70 968 968
47 71 1045 1045
47 72 1034 1034
47 73 1026 1026
47 74 999 999
47 75 1027 1027
47 76 995 995
47 77 945 945
47 78 937 937
47 79 990 990
47 80 1043 1043
47 81 986 986
47 82 1001 1001
47 83 976 976
47 84 1023 1023
47 85 1005 1005
47 86 1014 1014
47 87 1003 1003
47 88 984 984
47 89 979 979
47 90 993 993
47 91 985 985
47 92 1016 1016
47 93 982 982
47 94 988 988
47 95 978 978
47 96 937 937
47 97 943 943
47 98 1007 1007
47 99 1041 1041
48 0 998 998
48 1 945 945
48 2 1018 1018
48 3 1039 1039
48 4 972 972
48 5 1018 1018
48 6 1046 1046
48 7 992 992
48 8 1010 1010
48 9 1056 1056
48 10 964 964
48 11 984 984
48 12 1031 1031
48 13 958 958
48 14 997 997
48 15 1012 1012
48 16 1018 1018
48 17 941 941
48 18 1007 1007
48 19 943 943
48 20 987 987
48 21 969 969
48 22 988 988
48 23 1042 1042
48 24 937 937
48 25 990 990
48 26 1066 1066
48 27 996 996
48 28 1021 1021
48 29 1056 1056
48 30 1057 388
48 31 1014 390
48 32 1015 375
48 33 1034 364
48 34 1012 371
48 35 1036 400
48 36 1032 369
48 37 934 367
48 38 1022 374
48 39 944 375
48 40 1058 397
48 41 1023 398
48 42 999 374
48 43 1013 406
48 44 1015 405
48 45 1007 381
48 46 1023 414
48 47 974 352
48 48 1001 400
48 49 1019 390
48 50 980 411
48 51 1041 413
48 52 958 391
48 53 1000 384
48 54 1023 383
48 55 1049 388
48 56 970 382
48 57 977 389
48 58 954 366
48 59 970 361
48 60 1031 392
48 61 1022 385
48 62 982 374
48 63 1031 407
48 64 1025 373
48 65 1039 381
48 66 1008 354
48 67 1027 387
48 68 987 354
48 69 968 371
48 70 1002 1002
48 71 975 975
48 72 1007 1007
48 73 945 945
48 74 963 963
48 75 931 931
48 76 934 934
48 77 994 994
48 78 1023 1023
48 79 1060 1060
48 80 982 982
48 81 1042 1042
48 82 1016 1016
48 83 980 980
48 84 991 991
48 85 942 942
48 86 1013 1013
48 87 1008 1008
48 88 1014 1014
48 89 978 978
48 90 983 983
48 91 997 997
48 92 1055 1055
48 93 995 995
48 94 1013 1013
48 95 956 956
48 96 951 951
48 97 984 984
48 98 998 998
48 99 1000 1000
49 0 1010 1010
49 1 1010 1010
49 2 1030 1030
49 3 1047 1047
49 4 1021 1021
49 5 1028 1028
49 6 1057 1057
49 7 990 990
49 8 1032 1032
49 9 971 971
49 10 1022 1022
49 11 896 896
49 12 1007 1007
49 13 990 990
49 14 1017 1017
49 15 1038 1038
49 16 1000 1000
49 17 944 944
49 18 1014 1014
49 19 979 979
49 20 967 967
49 21 1005 1005
49 22 990 990
49 23 943 943
49 24 1020 1020
49 25 940 940
49 26 987 987
49 27 1029 1029
49 28 974 974
49 29 1034 1034
49 30 1032 357
49 31 1016 360
49 32 987 351
49 33 1010 370
49 34 985 364
49 35 1023 391
49 36 1009 344
49 37 978 364
49 38 970 344
49 39 1029 398
49 40 1012 356
49 41 1035 370
49 42 992 335
49 43 1002 354
49 44 949 350
49 45 948 340
49 46 981 323
49 47 993 372
49 48 1025 357
49 49 1015 343
49 50 1005 366
49 51 1069 404
49 52 969 321
49 53 1016 356
49 54 967 351
49 55 1007 371
49 56 974 314
49 57 1056 392
49 58 974 358
49 59 1010 362
49 60 1005 375
49 61 957 363
49 62 1013 383
49 63 998 375
49 64 992 366
49 65 1003 385
49 66 985 346
49 67 1024 352
49 68 977 382
49 69 969 331
49 70 1019 1019
49 71 987 987
49 72 1023 1023
49 73 1029 1029
49 74 1051 1051
49 75 1044 1044
49 76 1027 1027
49 77 1005 1005
49 78 960 960
49 79 1014 1014
49 80 1004 1004
49 81 1034 1034
49 82 985 985
49 83 999 999
49 84 987 987
49 85 1025 1025
49 86 1052 1052
49 87 998 998
49 88 1062 1062
49 89 993 993
49 90 959 959
49 91 1041 1041
49 92 1014 1014
49 93 999 999
49 94 1035 1035
49 95 979 979
49 96 985 985
49 97 1024 1024
49 98 1022 1022
49 99 1037 1037
50 0 974 974
50 1 1026 1026
50 2 968 968
50 3 994 994
50 4 953 953
50 5 1029 1029
50 6 1058 1058
50 7 962 962
50 8 992 992
50 9 972 972
50 10 1008 1008
50 11 1014 1014
50 12 945 945
50 13 1026 1026
50 14 1035 1035
50 15 1007 1007
50 16 1010 1010
50 17 1062 1062
50 18 987 987
50 19 1024 1024
50 20 1013 1013
50 21 1035 1035
50 22 946 946
50 23 1079 1079
50 24 1040 1040
50 25 980 980
50 26 1022 1022
50 27 996 996
50 28 1007 1007
50 29 1026 1026
50 30 1002 351
50 31 1013 330
50 32 963 342
50 33 978 320
50 34 1004 342
50 35 1023 349
50 36 981 334
50 37 1038 334
50 38 988 359
50 39 1025 347
50 40 1051 362
50 41 1026 354
50 42 1047 364
50 43 946 337
50 44 1036 347
50 45 991 327
50 46 1004 352
50 47 1015 344
50 48 985 361
50 49 991 329
50 50 1004 332
50 51 1006 353
50 52 1023 350
50 53 992 332
50 54 1008 366
50 55 940 288
50 56 1039 379
50 57 954 348
50 58 1005 372
50 59 1010 342
50 60 958 324
50 61 995 337
50 62 999 349
50 63 1046 371
50 64 958 332
50 65 1008 347
50 66 1000 336
50 67 1005 341
50 68 1015 370
50 69 1009 339
50 70 975 975
50 71 977 977
50 72 1077 1077
50 73 1056 1056
50 74 1011 1011
50 75 981 981
50 76 971 971
50 77 1018 1018
50 78 1005 1005
50 79 995 995
50 80 1060 1060
50 81 1017 1017
50 82 1020 1020
50 83 1002 1002
50 84 964 964
50 85 992 992
50 86 1075 1075
50 87 1016 1016
50 88 982 982
50 89 985 985
50 90 1035 1035
50 91 974 974
50 92 973 973
50 93 1010 1010
50 94 1033 1033
50 95 1004 1004
50 96 1049 1049
50 97 1010 1010
50 98 1013 1013
50 99 1043 1043
51 0 991 991
51 1 971 971
51 2 1015 1015
51 3 942 942
51 4 1032 1032
51 5 977 977
51 6 1006 1006
51 7 972 972
51 8 1033 1033
51 9 1004 1004
51 10 1024 1024
51 11 1023 1023
51 12 969 969
51 13 953 953
51 14 1048 1048
51 15 976 976
51 16 998 998
51 17 998 998
51 18 1018 1018
51 19 970 970
51 20 934 934
51 21 1047 1047
51 22 1023 1023
51 23 1059 1059
51 24 988 988
51 25 1012 1012
51 26 1027 1027
51 27 1060 1060
51 28 961 961
51 29 986 986
51 30 1014 299
51 31 1007 339
51 32 947 312
51 33 994 320
51 34 1003 324
51 35 1019 288
51 36 1006 323
51 37 1018 345
51 38 969 312
51 39 1005 343
51 40 991 323
51 41 988 329
51 42 1015 326
51 43 956 310
51 44 991 333
51 45 1005 310
51 46 1002 324
51 47 995 326
51 48 1006 326
51 49 978 319
51 50 1008 324
51 51 920 308
51 52 1084 374
51 53 977 312
51 54 1040 327
51 55 961 321
51 56 995 325
51 57 1011 333
51 58 1041 314
51 59 1005 310
51 60 1002 330
51 61 1007 311
51 62 985 316
51 63 1022 342
51 64 926 305
51 65 1003 329
51 66 1018 331
51 67 1046 354
51 68 1023 339
51 69 1027 330
51 70 978 978
51 71 1054 1054
51 72 962 962
51 73 996 996
51 74 1063 1063
51 75 1009 1009
51 76 1022 1022
51 77 1083 1083
51 78 982 982
51 79 997 997
51 80 956 956
51 81 1037 1037
51 82 992 992
51 83 963 963
51 84 1000 1000
51 85 1003 1003
51 86 1027 1027
51 87 980 980
51 88 1012 1012
51 89 971 971
51 90 992 992
51 91 961 961
51 92 1052 1052
51 93 992 992
51 94 979 979
51 95 1008 1008
51 96 977 977
51 97 1008 1008
51 98 1043 1043
51 99 1023 1023
52 0 989 989
52 1 1026 1026
52 2 977 977
52 3 1012 1012
52 4 976 976
52 5 1015 1015
52 6 940 940
52 7 990 990
52 8 974 974
52 9 975 975
52 10 1026 1026
52 11 998 998
52 12 1061 1061
52 13 979 979
52 14 1047 1047
52 15 932 932
52 16 1056 1056
52 17 1015 1015
52 18 1017 1017
52 19 1047 1047
52 20 985 985
52 21 995 995
52 22 1020 1020
52 23 981 981
52 24 1010 1010
52 25 1012 1012
52 26 1010 1010
52 27 996 996
52 28 976 976
52 29 961 961
52 30 996 293
52 31 963 311
52 32 1027 320
52 33 1009 297
52 34 979 318
52 35 1006 285
52 36 972 282
52 37 980 301
52 38 1003 325
52 39 1003 289
52 40 1034 307
52 41 1014 301
52 42 947 292
52 43 1019 319
52 44 957 276
52 45 992 308
52 46 1024 323
52 47 924 292
52 48 988 304
52 49 1003 301
52 50 1034 324
52 51 960 341
52 52 1005 298
52 53 1045 311
52 54 1009 293
52 55 1057 340
52 56 1070 348
52 57 944 281
52 58 1006 321
52 59 990 296
52 60 1012 308
52 61 968 288
52 62 957 288
52 63 1028 309
52 64 1063 314
52 65 988 301
52 66 982 311
52 67 1003 321
52 68 1003 311
52 69 963 300
52 70 1061 1061
52 71 1063 1063
52 72 1075 1075
52 73 1028 1028
52 74 954 954
52 75 1025 1025
52 76 1009 1009
52 77 974 974
52 78 1052 1052
52 79 947 947
52 80 968 968
52 81 950 950
52 82 999 999
52 83 1006 1006
52 84 980 980
52 85 993 993
52 86 963 963
52 87 979 979
52 88 1011 1011
52 89 1044 1044
52 90 1000 1000
52 91 961 961
52 92 1015 1015
52 93 1025 1025
52 94 958 958
52 95 974 974
52 96 971 971
52 97 976 976
52 98 996 996
52 99 1020 1020
53 0 976 976
53 1 1004 1004
53 2 966 966
53 3 990 990
53 4 1007 1007
53 5 981 981
53 6 998 998
53 7 999 999
53 8 1005 1005
53 9 1064 1064
53 10 992 992
53 11 1037 1037
53 12 1069 1069
53 13 1029 1029
53 14 1005 1005
53 15 1031 1031
53 16 1006 1006
53 17 1005 1005
53 18 991 991
53 19 1030 1030
53 20 953 953
53 21 971 971
53 22 1038 1038
53 23 951 951
53 24 977 977
53 25 1010 1010
53 26 996 996
53 27 1053 1053
53 28 992 992
53 29 1037 1037
53 30 1049 304
53 31 1017 302
53 32 976 290
53 33 1068 301
53 34 919 259
53 35 999 288
53 36 1018 315
53 37 1027 325
53 38 990 284
53 39 1035 305
53 40 976 273
53 41 962 277
53 42 982 304
53 43 1019 302
53 44 1028 297
53 45 1021 287
53 46 988 282
53 47 953 310
53 48 1023 304
53 49 1025 279
53 50 1016 335
53 51 993 279
53 52 979 287
53 53 1021 279
53 54 1072 306
53 55 969 276
53 56 1037 349
53 57 999 302
53 58 1011 262
53 59 1032 321
53 60 961 283
53 61 1008 298
53 62 1047 335
53 63 1052 306
53 64 1037 285
53 65 1021 310
53 66 1034 315
53 67 1017 302
53 68 1005 300
53 69 1007 260
53 70 996 996
53 71 993 993
53 72 1008 1008
53 73 992 992
53 74 995 995
53 75 996 996
53 76 935 935
53 77 1001 1001
53 78 988 988
53 79 974 974
53 80 996 996
53 81 1027 1027
53 82 982 982
53 83 1034 1034
53 84 968 968
53 85 1002 1002
53 86 989 989
53 87 981 981
53 88 997 997
53 89 1023 1023
53 90 987 987
53 91 1007 1007
53 92 988 988
53 93 996 996
53 94 1021 1021
53 95 985 985
53 96 967 967
53 97 963 963
53 98 1052 1052
53 99 1003 1003
54 0 979 979
54 1 1012 1012
54 2 958 958
54 3 1004 1004
54 4 934 934
54 5 1022 1022
54 6 980 980
54 7 982 982
54 8 1024 1024
54 9 979 979
54 10 1013 1013
54 11 1047 1047
54 12 999 999
54 13 992 992
54 14 994 994
54 15 1015 1015
54 16 999 999
54 17 1051 1051
54 18 963 963
54 19 958 958
54 20 1000 1000
54 21 997 997
54 22 1005 1005
54 23 981 981
54 24 1053 1053
54 25 932 932
54 26 981 981
54 27 1018 1018
54 28 1017 1017
54 29 991 991
54 30 968 285
54 31 1005 273
54 32 1003 286
54 33 969 268
54 34 1060 267
54 35 993 256
54 36 1018 288
54 37 1000 254
54 38 1010 286
54 39 997 258
54 40 1051 298
54 41 1013 249
54 42 948 269
54 43 955 269
54 44 1011 267
54 45 985 294
54 46 973 294
54 47 1033 303
54 48 1055 287
54 49 1007 270
54 50 1027 295
54 51 1037 302
54 52 1023 296
54 53 1001 272
54 54 1017 295
54 55 1012 277
54 56 1047 276
54 57 1047 263
54 58 956 258
54 59 1029 285
54 60 998 266
54 61 951 251
54 62 999 282
54 63 1031 283
54 64 992 253
54 65 999 303
54 66 1045 285
54 67 986 291
54 68 985 295
54 69 1037 290
54 70 981 981
54 71 1043 1043
54 72 912 912
54 73 988 988
54 74 985 985
54 75 991 991
54 76 958 958
54 77 1047 1047
54 78 1019 1019
54 79 992 992
54 80 967 967
54 81 1029 1029
54 82 1031 1031
54 83 980 980
54 84 987 987
54 85 1057 1057
54 86 953 953
54 87 1013 1013
54 88 1031 1031
54 89 999 999
54 90 985 985
54 91 1002 1002
54 92 1057 1057
54 93 970 970
54 94 1018 1018
54 95 920 920
54 96 927 927
54 97 958 958
54 98 1000 1000
54 99 982 982
55 0 1006 1006
55 1 980 980
55 2 1028 1028
55 3 969 969
55 4 953 953
55 5 1024 1024
55 6 1036 1036
55 7 1011 1011
55 8 1025 1025
55 9 931 931
55 10 961 961
55 11 989 989
55 12 1011 1011
55 13 1044 1044
55 14 990 990
55 15 941 941
55 16 1057 1057
55 17 1014 1014
55 18 972 972
55 19 966 966
55 20 962 962
55 21 951 951
55 22 944 944
55 23 1000 1000
55 24 1005 1005
55 25 960 960
55 26 928 928
55 27 974 974
55 28 964 964
55 29 1011 1011
55 30 987 243
55 31 1007 261
55 32 1001 287
55 33 1009 280
55 34 941 238
55 35 982 259
55 36 930 237
55 37 994 275
55 38 1016 265
55 39 996 270
55 40 955 274
55 41 982 263
55 42 1050 262
55 43 1029 279
55 44 968 267
55 45 950 264
55 46 984 282
55 47 1055 281
55 48 988 239
55 49 1002 256
55 50 1053 268
55 51 999 246
55 52 996 241
55 53 987 258
55 54 1009 266
55 55 1002 281
55 56 1025 257
55 57 1014 269
55 58 987 242
55 59 982 252
55 60 986 263
55 61 969 261
55 62 931 262
55 63 955 250
55 64 1004 298
55 65 944 232
55 66 960 230
55 67 982 259
55 68 996 275
55 69 991 266
55 70 924 924
55 71 989 989
55 72 970 970
55 73 991 991
55 74 1056 1056
55 75 1097 1097
55 76 946 946
55 77 1002 1002
55 78 978 978
55 79 1072 1072
55 80 988 988
55 81 976 976
55 82 973 973
55 83 1011 1011
55 84 991 991
55 85 995 995
55 86 970 970
55 87 1031 1031
55 88 971 971
55 89 1010 1010
55 90 967 967
55 91 1050 1050
55 92 944 944
55 93 992 992
55 94 1046 1046
55 95 983 983
55 96 1016 1016
55 97 982 982
55 98 1016 1016
55 99 985 985
56 0 1043 1043
56 1 964 964
56 2 999 999
56 3 990 990
56 4 989 989
56 5 941 941
56 6 967 967
56 7 1028 1028
56 8 998 998
56 9 1004 1004
56 10 1010 1010
56 11 1038 1038
56 12 1010 1010
56 13 930 930
56 14 1015 1015
56 15 967 967
56 16 1010 1010
56 17 1010 1010
56 18 992 992
56 19 975 975
56 20 972 972
56 21 1060 1060
56 22 953 953
56 23 990 990
56 24 966 966
56 25 972 972
56 26 960 960
56 27 1006 1006
56 28 946 946
56 29 1007 1007
56 30 991 269
56 31 1026 260
56 32 929 224
56 33 996 245
56 34 1036 264
56 35 1025 237
56 36 971 214
56 37 1045 257
56 38 1017 241
56 39 987 236
56 40 985 255
56 41 983 235
56 42 1032 262
56 43 956 228
56 44 1029 292
56 45 1046 247
56 46 976 261
56 47 1041 275
56 48 1022 241
56 49 960 264
56 50 942 238
56 51 982 243
56 52 1029 233
56 53 1064 269
56 54 949 229
56 55 1019 272
56 56 944 248
56 57 988 250
56 58 963 239
56 59 986 246
56 60 1033 245
56 61 1044 273
56 62 967 261
56 63 971 246
56 64 1015 249
56 65 996 242
56 66 981 240
56 67 960 245
56 68 1042 264
56 69 967 262
56 70 1033 1033
56 71 1009 1009
56 72 996 996
56 73 1011 1011
56 74 994 994
56 75 992 992
56 76 933 933
56 77 1009 1009
56 78 983 983
56 79 958 958
56 80 945 945
56 81 1011 1011
56 82 966 966
56 83 963 963
56 84 1023 1023
56 85 957 957
56 86 950 950
56 87 980 980
56 88 1021 1021
56 89 947 947
56 90 1044 1044
56 91 1003 1003
56 92 1011 1011
56 93 1009 1009
56 94 930 930
56 95 985 985
56 96 970 970
56 97 1021 1021
56 98 1009 1009
56 99 1009 1009
57 0 1010 1010
57 1 1013 1013
57 2 1036 1036
57 3 992 992
57 4 973 973
57 5 1003 1003
57 6 1014 1014
57 7 999 999
57 8 1011 1011
57 9 1009 1009
57 10 989 989
57 11 960 960
57 12 1022 1022
57 13 976 976
57 14 942 942
57 15 975 975
57 16 985 985
57 17 983 983
57 18 953 953
57 19 978 978
57 20 1001 1001
57 21 1022 1022
57 22 1056 1056
57 23 1022 1022
57 24 1007 1007
57 25 973 973
57 26 1027 1027
57 27 956 956
57 28 926 926
57 29 963 963
57 30 956 229
57 31 972 242
57 32 1003 232
57 33 1022 235
57 34 1013 235
57 35 1014 242
57 36 1004 243
57 37 947 237
57 38 1044 252
57 39 1022 248
57 40 949 226
57 41 1017 244
57 42 1023 259
57 43 982 231
57 44 1011 246
57 45 1010 229
57 46 1008 257
57 47 1012 229
57 48 1044 245
57 49 973 246
57 50 965 223
57 51 1026 223
57 52 972 238
57 53 1016 221
57 54 983 231
57 55 999 240
57 56 945 234
57 57 986 242
57 58 1061 243
57 59 990 243
57 60 986 235
57 61 998 231
57 62 1029 249
57 63 985 235
57 64 1012 255
57 65 993 242
57 66 969 245
57 67 1009 231
57 68 1024 256
57 69 1003 237
57 70 1006 1006
57 71 990 990
57 72 993 993
57 73 975 975
57 74 976 976
57 75 1035 1035
57 76 1011 1011
57 77 992 992
57 78 996 996
57 79 949 949
57 80 990 990
57 81 1033 1033
57 82 1008 1008
57 83 896 896
57 84 1044 1044
57 85 1017 1017
57 86 1021 1021
57 87 1025 1025
57 88 987 987
57 89 1045 1045
57 90 1039 1039
57 91 1007 1007
57 92 1051 1051
57 93 1077 1077
57 94 1029 1029
57 95 1003 1003
57 96 1019 1019
57 97 1058 1058
57 98 974 974
57 99 983 983
58 0 994 994
58 1 1025 1025
58 2 968 968
58 3 984 984
58 4 1035 1035
58 5 951 951
58 6 1044 1044
58 7 976 976
58 8 982 982
58 9 983 983
58 10 1015 1015
58 11 1018 1018
58 12 939 939
58 13 1043 1043
58 14 1019 1019
58 15 1002 1002
58 16 979 979
58 17 958 958
58 18 975 975
58 19 1015 1015
58 20 1018 1018
58 21 1035 1035
58 22 964 964
58 23 985 985
58 24 976 976
58 25 999 999
58 26 1048 1048
58 27 991 991
58 28 1047 1047
58 29 960 960
58 30 1026 248
58 31 1027 231
58 32 963 200
58 33 976 240
58 34 1017 219
58 35 1053 247
58 36 1004 242
58 37 965 226
58 38 1007 221
58 39 1033 231
58 40 987 211
58 41 1057 253
58 42 1018 229
58 43 1006 229
58 44 1010 212
58 45 1001 253
58 46 1012 226
58 47 972 236
58 48 1035 222
58 49 1028 212
58 50 1016 205
58 51 931 213
58 52 999 219
58 53 997 226
58 54 1010 249
58 55 1027 215
58 56 1012 228
58 57 957 212
58 58 960 223
58 59 1009 247
58 60 987 213
58 61 976 225
58 62 1020 253
58 63 1006 229
58 64 1050 237
58 65 987 186
58 66 966 201
58 67 1010 225
58 68 1007 239
58 69 999 250
58 70 1020 1020
58 71 1008 1008
58 72 994 994
58 73 994 994
58 74 1020 1020
58 75 1029 1029
58 76 1010 1010
58 77 1011 1011
58 78 1040 1040
58 79 1020 1020
58 80 1025 1025
58 81 970 970
58 82 974 974
58 83 1006 1006
58 84 981 981
58 85 1015 1015
58 86 989 989
58 87 954 954
58 88 981 981
58 89 1012 1012
58 90 1025 1025
58 91 983 983
58 92 1013 1013
58 93 998 998
58 94 946 946
58 95 1044 1044
58 96 1027 1027
58 97 976 976
58 98 1024 1024
58 99 1066 1066
59 0 987 987
59 1 966 966
59 2 1003 1003
59 3 1017 1017
59 4 988 988
59 5 945 945
59 6 978 978
59 7 1001 1001
59 8 1018 1018
59 9 986 986
59 10 1040 1040
59 11 1037 1037
59 12 1014 1014
59 13 1000 1000
59 14 991 991
59 15 1009 1009
59 16 1006 1006
59 17 1062 1062
59 18 990 990
59 19 1018 1018
59 20 1014 1014
59 21 1018 1018
59 22 1015 1015
59 23 984 984
59 24 979 979
59 25 979 979
59 26 975 975
59 27 1060 1060
59 28 976 976
59 29 972 972
59 30 1005 211
59 31 982 219
59 32 1040 232
59 33 923 214
59 34 973 206
59 35 1028 215
59 36 982 202
59 37 972 200
59 38 1044 220
59 39 967 191
59 40 1018 216
59 41 953 218
59 42 1061 193
59 43 1033 209
59 44 1065 229
59 45 950 210
59 46 1036 214
59 47 1001 201
59 48 1021 236
59 49 983 196
59 50 1026 228
59 51 1047 186
59 52 1001 216
59 53 1054 229
59 54 1001 200
59 55 956 213
59 56 1009 193
59 57 959 208
59 58 1009 230
59 59 956 213
59 60 1003 221
59 61 1000 219
59 62 975 189
59 63 976 197
59 64 983 218
59 65 960 181
59 66 993 225
59 67 1024 227
59 68 974 183
59 69 984 240
59 70 971 971
59 71 970 970
59 72 974 974
59 73 990 990
59 74 991 991
59 75 987 987
59 76 1111 1111
59 77 1002 1002
59 78 955 955
59 79 943 943
59 80 991 991
59 81 1026 1026
59 82 1006 1006
59 83 929 929
59 84 1025 1025
59 85 1021 1021
59 86 999 999
59 87 1011 1011
59 88 1022 1022
59 89 1024 1024
59 90 1008 1008
59 91 1009 1009
59 92 994 994
59 93 997 997
59 94 1041 1041
59 95 980 980
59 96 1010 1010
59 97 979 979
59 98 1018 1018
59 99 1030 1030
60 0 997 997
60 1 975 975
60 2 1001 1001
60 3 994 994
60 4 1031 1031
60 5 1047 1047
60 6 1013 1013
60 7 1016 1016
60 8 1025 1025
60 9 1031 1031
60 10 1075 1075
60 11 1011 1011
60 12 1010 1010
60 13 961 961
60 14 963 963
60 15 1010 1010
60 16 993 993
60 17 982 982
60 18 950 950
60 19 992 992
60 20 1015 1015
60 21 1000 1000
60 22 1041 1041
60 23 977 977
60 24 969 969
60 25 992 992
60 26 1042 1042
60 27 989 989
60 28 1037 1037
60 29 968 968
60 30 952 177
60 31 1026 207
60 32 981 192
60 33 976 179
60 34 1012 184
60 35 986 183
60 36 995 182
60 37 1020 212
60 38 1017 224
60 39 999 200
60 40 999 192
60 41 909 186
60 42 960 184
60 43 1005 211
60 44 999 221
60 45 992 186
60 46 1038 215
60 47 1030 201
60 48 1004 200
60 49 1032 186
60 50 1011 221
60 51 982 202
60 52 986 197
60 53 1039 206
60 54 993 181
60 55 987 183
60 56 974 215
60 57 945 210
60 58 1018 195
60 59 987 186
60 60 1022 201
60 61 983 192
60 62 1018 208
60 63 996 205
60 64 993 184
60 65 976 206
60 66 1030 221
60 67 957 209
60 68 1032 208
60 69 1009 206
60 70 958 958
60 71 996 996
60 72 1021 1021
60 73 1021 1021
60 74 984 984
60 75 991 991
60 76 932 932
60 77 932 932
60 78 996 996
60 79 1004 1004
60 80 977 977
60 81 934 934
60 82 1003 1003
60 83 996 996
60 84 1021 1021
60 85 1051 1051
60 86 1001 1001
60 87 1045 1045
60 88 987 987
60 89 1031 1031
60 90 972 972
60 91 1053 1053
60 92 957 957
60 93 1016 1016
60 94 983 983
60 95 1030 1030
60 96 991 991
60 97 963 963
60 98 965 965
60 99 1016 1016
61 0 1015 1015
61 1 1018 1018
61 2 997 997
61 3 1005 1005
61 4 976 976
61 5 967 967
61 6 987 987
61 7 1045 1045
61 8 992 992
61 9 994 994
61 10 989 989
61 11 987 987
61 12 1040 1040
61 13 1010 1010
61 14 973 973
61 15 1033 1033
61 16 979 979
61 17 1004 1004
61 18 1030 1030
61 19 1076 1076
61 20 1005 1005
61 21 979 979
61 22 1009 1009
61 23 1043 1043
61 24 971 971
61 25 976 976
61 26 1003 1003
61 27 997 997
61 28 1029 1029
61 29 1040 1040
61 30 1014 196
61 31 967 172
61 32 969 197
61 33 1042 196
61 34 989 184
61 35 1007 184
61 36 1071 219
61 37 999 200
61 38 996 197
61 39 983 200
61 40 966 192
61 41 997 195
61 42 978 177
61 43 1004 192
61 44 1026 204
61 45 1014 186
61 46 1008 210
61 47 1031 192
61 48 950 182
61 49 980 180
61 50 985 181
61 51 1026 205
61 52 1012 192
61 53 1008 190
61 54 975 173
61 55 1011 212
61 56 975 200
61 57 991 198
61 58 959 187
61 59 962 195
61 60 1002 197
61 61 1002 186
61 62 967 195
61 63 1044 212
61 64 996 200
61 65 989 206
61 66 994 193
61 67 958 177
61 68 1006 196
61 69 998 210
61 70 1012 1012
61 71 962 962
61 72 1003 1003
61 73 976 976
61 74 1022 1022
61 75 1035 1035
61 76 928 928
61 77 1001 1001
61 78 1008 1008
61 79 1053 1053
61 80 1046 1046
61 81 1040 1040
61 82 991 991
61 83 1023 1023
61 84 1018 1018
61 85 1047 1047
61 86 931 931
61 87 944 944
61 88 947 947
61 89 953 953
61 90 1002 1002
61 91 1032 1032
61 92 990 990
61 93 1018 1018
61 94 1028 1028
61 95 1005 1005
61 96 1010 1010
61 97 999 999
61 98 988 988
61 99 1072 1072
62 0 991 991
62 1 970 970
62 2 1031 1031
62 3 1022 1022
62 4 1006 1006
62 5 1034 1034
62 6 1017 1017
62 7 1022 1022
62 8 1049 1049
62 9 983 983
62 10 1002 1002
62 11 1030 1030
62 12 1004 1004
62 13 1036 1036
62 14 1001 1001
62 15 1035 1035
62 16 996 996
62 17 1031 1031
62 18 946 946
62 19 1037 1037
62 20 1035 1035
62 21 1011 1011
62 22 977 977
62 23 1038 1038
62 24 988 988
62 25 1028 1028
62 26 982 982
62 27 1070 1070
62 28 977 977
62 29 1037 1037
62 30 1033 179
62 31 992 183
62 32 1003 195
62 33 1012 179
62 34 1033 197
62 35 1022 191
62 36 999 175
62 37 991 187
62 38 998 188
62 39 989 175
62 40 1025 173
62 41 1009 192
62 42 977 179
62 43 985 205
62 44 1010 186
62 45 998 167
62 46 908 172
62 47 954 173
62 48 998 163
62 49 1035 203
62 50 1026 194
62 51 940 173
62 52 1024 190
62 53 967 195
62 54 1021 169
62 55 966 138
62 56 1125 212
62 57 1022 189
62 58 1020 177
62 59 966 181
62 60 1027 201
62 61 1048 197
62 62 990 188
62 63 1025 170
62 64 949 167
62 65 951 167
62 66 961 198
62 67 1053 201
62 68 988 183
62 69 1036 173
62 70 997 997
62 71 991 991
62 72 987 987
62 73 1059 1059
62 74 1027 1027
62 75 1020 1020
62 76 986 986
62 77 990 990
62 78 1047 1047
62 79 1000 1000
62 80 1031 1031
62 81 1007 1007
62 82 972 972
62 83 954 954
62 84 1015 1015
62 85 995 995
62 86 984 984
62 87 1024 1024
62 88 1041 1041
62 89 914 914
62 90 1009 1009
62 91 1022 1022
62 92 1017 1017
62 93 1019 1019
62 94 970 970
62 95 1016 1016
62 96 987 987
62 97 973 973
62 98 1024 1024
62 99 1022 1022
63 0 948 948
63 1 984 984
63 2 978 978
63 3 989 989
63 4 1042 1042
63 5 1016 1016
63 6 974 974
63 7 1005 1005
63 8 1024 1024
63 9 1030 1030
63 10 1026 1026
63 11 957 957
63 12 971 971
63 13 1031 1031
63 14 984 984
63 15 931 931
63 16 976 976
63 17 1031 1031
63 18 970 970
63 19 987 987
63 20 971 971
63 21 1066 1066
63 22 1003 1003
63 23 1019 1019
63 24 1007 1007
63 25 1042 1042
63 26 1020 1020
63 27 985 985
63 28 989 989
63 29 1000 1000
63 30 1053 194
63 31 1034 171
63 32 967 162
63 33 1013 159
63 34 1024 167
63 35 1010 163
63 36 1070 181
63 37 1014 161
63 38 1028 179
63 39 1013 168
63 40 992 169
63 41 1027 194
63 42 983 190
63 43 1013 188
63 44 1011 176
63 45 1003 165
63 46 1007 181
63 47 940 169
63 48 976 162
63 49 992 150
63 50 1027 173
63 51 992 158
63 52 991 141
63 53 951 159
63 54 1006 178
63 55 1026 195
63 56 986 178
63 57 950 166
63 58 949 177
63 59 1019 166
63 60 991 163
63 61 973 163
63 62 936 166
63 63 962 172
63 64 968 169
63 65 1017 170
63 66 956 159
63 67 1028 169
63 68 961 155
63 69 1001 163
63 70 997 997
63 71 987 987
63 72 1016 1016
63 73 1012 1012
63 74 1003 1003
63 75 1049 1049
63 76 1004 1004
63 77 1001 1001
63 78 973 973
63 79 1038 1038
63 80 1017 1017
63 81 943 943
63 82 1003 1003
63 83 969 969
63 84 1043 1043
63 85 945 945
63 86 966 966
63 87 992 992
63 88 989 989
63 89 1012 1012
63 90 970 970
63 91 992 992
63 92 1056 1056
63 93 970 970
63 94 1046 1046
63 95 1017 1017
63 96 1000 1000
63 97 1079 1079
63 98 1014 1014
63 99 1067 1067
64 0 967 967
64 1 941 941
64 2 979 979
64 3 1028 1028
64 4 1022 1022
64 5 1039 1039
64 6 984 984
64 7 1040 1040
64 8 960 960
64 9 1035 1035
64 10 983 983
64 11 1040 1040
64 12 1023 1023
64 13 976 976
64 14 984 984
64 15 1027 1027
64 16 1012 1012
64 17 1005 1005
64 18 1015 1015
64 19 999 999
64 20 983 983
64 21 1059 1059
64 22 987 987
64 23 1009 1009
64 24 990 990
64 25 1048 1048
64 26 1049 1049
64 27 1044 1044
64 28 991 991
64 29 991 991
64 30 990 162
64 31 1030 185
64 32 961 187
64 33 1006 165
64 34 975 160
64 35 1039 165
64 36 948 139
64 37 944 161
64 38 1043 175
64 39 1007 161
64 40 971 155
64 41 1021 177
64 42 973 150
64 43 1015 156
64 44 1016 168
64 45 1056 162
64 46 1058 175
64 47 997 158
64 48 1033 174
64 49 977 161
64 50 945 129
64 51 997 167
64 52 997 149
64 53 1003 174
64 54 1015 165
64 55 996 147
64 56 952 146
64 57 981 176
64 58 1030 147
64 59 1013 165
64 60 935 163
64 61 970 167
64 62 1029 166
64 63 981 149
64 64 1003 143
64 65 977 155
64 66 1057 183
64 67 996 164
64 68 979 165
64 69 1041 159
64 70 1034 1034
64 71 996 996
64 72 980 980
64 73 1040 1040
64 74 1051 1051
64 75 1040 1040
64 76 953 953
64 77 1109 1109
64 78 1022 1022
64 79 1012 1012
64 80 975 975
64 81 958 958
64 82 989 989
64 83 973 973
64 84 963 963
64 85 1032 1032
64 86 1037 1037
64 87 1024 1024
64 88 1014 1014
64 89 993 993
64 90 1012 1012
64 91 972 972
64 92 1013 1013
64 93 962 962
64 94 1072 1072
64 95 964 964
64 96 1013 1013
64 97 964 964
64 98 981 981
64 99 1031 1031
65 0 1031 1031
65 1 985 985
65 2 1030 1030
65 3 966 966
65 4 1011 1011
65 5 1043 1043
65 6 984 984
65 7 968 968
65 8 975 975
65 9 1016 1016
65 10 1009 1009
65 11 1051 1051
65 12 1067 1067
65 13 1014 1014
65 14 1036 1036
65 15 943 943
65 16 1016 1016
65 17 947 947
65 18 1027 1027
65 19 950 950
65 20 980 980
65 21 1034 1034
65 22 957 957
65 23 956 956
65 24 1051 1051
65 25 979 979
65 26 980 980
65 27 990 990
65 28 999 999
65 29 1008 1008
65 30 937 160
65 31 1018 151
65 32 1027 145
65 33 1043 127
65 34 992 150
65 35 969 169
65 36 1021 152
65 37 995 157
65 38 994 146
65 39 1014 166
65 40 966 156
65 41 979 130
65 42 1019 177
65 43 1024 177
65 44 973 156
65 45 979 133
65 46 1015 166
65 47 1028 128
65 48 970 148
65 49 1034 165
65 50 1038 173
65 51 1034 164
65 52 965 139
65 53 1020 159
65 54 999 158
65 55 1026 174
65 56 1031 165
65 57 1049 146
65 58 1011 169
65 59 1034 160
65 60 1013 150
65 61 1029 167
65 62 981 167
65 63 1022 143
65 64 999 161
65 65 1006 146
65 66 1031 160
65 67 1011 157
65 68 990 148
65 69 1026 137
65 70 997 997
65 71 968 968
65 72 971 971
65 73 1059 1059
65 74 1020 1020
65 75 1066 1066
65 76 1016 1016
65 77 983 983
65 78 961 961
65 79 1022 1022
65 80 982 982
65 81 1053 1053
65 82 938 938
65 83 1021 1021
65 84 982 982
65 85 1014 1014
65 86 959 959
65 87 1005 1005
65 88 997 997
65 89 1016 1016
65 90 1000 1000
65 91 987 987
65 92 971 971
65 93 980 980
65 94 1040 1040
65 95 969 969
65 96 985 985
65 97 1031 1031
65 98 988 988
65 99 1011 1011
66 0 1036 1036
66 1 1019 1019
66 2 1003 1003
66 3 986 986
66 4 965 965
66 5 1039 1039
66 6 1032 1032
66 7 1049 1049
66 8 984 984
66 9 990 990
66 10 995 995
66 11 970 970
66 12 974 974
66 13 1030 1030
66 14 977 977
66 15 962 962
66 16 973 973
66 17 953 953
66 18 1011 1011
66 19 1063 1063
66 20 984 984
66 21 1027 1027
66 22 1025 1025
66 23 982 982
66 24 1070 1070
66 25 1060 1060
66 26 1020 1020
66 27 1043 1043
66 28 1007 1007
66 29 1000 1000
66 30 966 142
66 31 1032 166
66 32 1050 158
66 33 1019 158
66 34 972 130
66 35 999 154
66 36 1041 126
66 37 1053 157
66 38 977 137
66 39 1021 164
66 40 931 126
66 41 1021 147
66 42 951 155
66 43 1047 164
66 44 1012 155
66 45 1004 144
66 46 1032 143
66 47 1019 159
66 48 1021 121
66 49 960 143
66 50 1003 150
66 51 958 132
66 52 1045 164
66 53 995 160
66 54 1023 162
66 55 989 140
66 56 1031 146
66 57 958 171
66 58 1030 167
66 59 1031 166
66 60 1018 162
66 61 1012 135
66 62 1026 142
66 63 1001 143
66 64 1014 145
66 65 953 140
66 66 1006 165
66 67 1014 152
66 68 1022 124
66 69 987 147
66 70 988 988
66 71 1044 1044
66 72 1021 1021
66 73 994 994
66 74 1049 1049
66 75 1047 1047
66 76 1040 1040
66 77 996 996
66 78 1034 1034
66 79 992 992
66 80 1049 1049
66 81 976 976
66 82 979 979
66 83 931 931
66 84 942 942
66 85 976 976
66 86 936 936
66 87 979 979
66 88 1005 1005
66 89 1012 1012
66 90 956 956
66 91 986 986
66 92 1009 1009
66 93 958 958
66 94 1025 1025
66 95 985 985
66 96 1071 1071
66 97 926 926
66 98 1014 1014
66 99 980 980
67 0 974 974
67 1 1031 1031
67 2 1011 1011
67 3 975 975
67 4 1042 1042
67 5 1002 1002
67 6 1016 1016
67 7 1037 1037
67 8 1050 1050
67 9 993 993
67 10 979 979
67 11 1027 1027
67 12 957 957
67 13 958 958
67 14 1048 1048
67 15 1010 1010
67 16 1003 1003
67 17 988 988
67 18 970 970
67 19 1017 1017
67 20 978 978
67 21 975 975
67 22 999 999
67 23 952 952
67 24 972 972
67 25 1016 1016
67 26 997 997
67 27 1054 1054
67 28 1010 1010
67 29 987 987
67 30 1027 131
67 31 957 135
67 32 1025 142
67 33 1022 149
67 34 1042 160
67 35 1032 135
67 36 1025 141
67 37 1027 150
67 38 969 133
67 39 999 135
67 40 959 129
67 41 1055 151
67 42 1038 155
67 43 1003 137
67 44 966 136
67 45 1013 135
67 46 1039 131
67 47 976 143
67 48 993 146
67 49 1016 147
67 50 1014 143
67 51 974 128
67 52 1027 143
67 53 999 133
67 54 1056 139
67 55 978 136
67 56 973 134
67 57 912 119
67 58 1025 148
67 59 972 150
67 60 953 145
67 61 981 130
67 62 977 147
67 63 974 151
67 64 955 119
67 65 1048 135
67 66 963 146
67 67 1023 150
67 68 973 146
67 69 1009 150
67 70 1019 1019
67 71 1012 1012
67 72 1045 1045
67 73 980 980
67 74 985 985
67 75 1027 1027
67 76 1004 1004
67 77 1061 1061
67 78 1016 1016
67 79 965 965
67 80 1016 1016
67 81 1004 1004
67 82 1008 1008
67 83 951 951
67 84 1035 1035
67 85 1011 1011
67 86 985 985
67 87 1019 1019
67 88 987 987
67 89 1002 1002
67 90 1005 1005
67 91 955 955
67 92 971 971
67 93 996 996
67 94 1010 1010
67 95 1065 1065
67 96 1021 1021
67 97 1042 1042
67 98 1041 1041
67 99 1024 1024
68 0 991 991
68 1 1040 1040
68 2 1003 1003
68 3 1040 1040
68 4 970 970
68 5 1062 1062
68 6 1002 1002
68 7 994 994
68 8 1011 1011
68 9 1038 1038
68 10 1022 1022
68 11 1000 1000
68 12 1035 1035
68 13 990 990
68 14 998 998
68 15 1008 1008
68 16 1004 1004
68 17 963 963
68 18 1074 1074
68 19 990 990
68 20 992 992
68 21 1028 1028
68 22 1014 1014
68 23 974 974
68 24 952 952
68 25 988 988
68 26 1039 1039
68 27 959 959
68 28 1030 1030
68 29 973 973
68 30 1015 139
68 31 1025 144
68 32 1016 139
68 33 983 143
68 34 1038 146
68 35 1042 141
68 36 972 113
68 37 947 131
68 38 975 128
68 39 1011 139
68 40 1033 134
68 41 1008 137
68 42 979 131
68 43 1028 154
68 44 1011 131
68 45 987 140
68 46 1034 137
68 47 970 128
68 48 1010 148
68 49 1000 116
68 50 985 118
68 51 1037 141
68 52 1017 148
68 53 996 142
68 54 1016 136
68 55 1022 149
68 56 997 143
68 57 991 123
68 58 1059 154
68 59 946 119
68 60 999 139
68 61 948 127
68 62 995 139
68 63 1025 135
68 64 1013 130
68 65 1006 135
68 66 964 130
68 67 1031 138
68 68 962 110
68 69 972 130
68 70 996 996
68 71 1025 1025
68 72 985 985
68 73 1007 1007
68 74 1019 1019
68 75 951 951
68 76 964 964
68 77 973 973
68 78 1033 1033
68 79 1010 1010
68 80 957 957
68 81 1005 1005
68 82 977 977
68 83 1071 1071
68 84 975 975
68 85 941 941
68 86 1002 1002
68 87 1027 1027
68 88 992 992
68 89 942 942
68 90 1003 1003
68 91 1029 1029
68 92 1013 1013
68 93 961 961
68 94 947 947
68 95 1035 1035
68 96 955 955
68 97 1030 1030
68 98 992 992
68 99 959 959
69 0 1054 1054
69 1 996 996
69 2 1014 1014
69 3 972 972
69 4 963 963
69 5 1006 1006
69 6 980 980
69 7 1027 1027
69 8 965 965
69 9 1104 1104
69 10 989 989
69 11 986 986
69 12 994 994
69 13 1011 1011
69 14 990 990
69 15 1051 1051
69 16 1012 1012
69 17 1020 1020
69 18 948 948
69 19 1003 1003
69 20 948 948
69 21 997 997
69 22 977 977
69 23 1041 1041
69 24 1026 1026
69 25 1057 1057
69 26 1033 1033
69 27 924 924
69 28 991 991
69 29 1013 1013
69 30 980 121
69 31 1054 128
69 32 945 143
69 33 1051 123
69 34 1042 114
69 35 1013 120
69 36 972 129
69 37 998 133
69 38 982 132
69 39 975 125
69 40 990 139
69 41 940 126
69 42 1003 122
69 43 992 117
69 44 994 128
69 45 1036 134
69 46 1011 118
69 47 997 132
69 48 977 141
69 49 986 100
69 50 1008 113
69 51 1036 140
69 52 954 101
69 53 999 96
69 54 986 121
69 55 1023 135
69 56 1014 115
69 57 960 119
69 58 994 109
69 59 958 117
69 60 969 120
69 61 999 147
69 62 987 113
69 63 987 110
69 64 1009 119
69 65 999 123
69 66 996 117
69 67 980 123
69 68 1007 119
69 69 1000 123
69 70 1016 1016
69 71 1057 1057
69 72 941 941
69 73 1049 1049
69 74 1001 1001
69 75 967 967
69 76 992 992
69 77 1038 1038
69 78 977 977
69 79 1007 1007
69 80 975 975
69 81 1001 1001
69 82 993 993
69 83 1007 1007
69 84 1003 1003
69 85 943 943
69 86 1032 1032
69 87 904 904
69 88 978 978
69 89 1029 1029
69 90 995 995
69 91 998 998
69 92 1027 1027
69 93 966 966
69 94 1030 1030
69 95 1029 1029
69 96 957 957
69 97 1050 1050
69 98 1056 1056
69 99 1025 1025
70 0 1029 1029
70 1 985 985
70 2 1010 1010
70 3 955 955
70 4 946 946
70 5 1026 1026
70 6 976 976
70 7 1033 1033
70 8 998 998
70 9 998 998
70 10 1048 1048
70 11 1017 1017
70 12 978 978
70 13 975 975
70 14 1038 1038
70 15 1021 1021
70 16 993 993
70 17 1003 1003
70 18 1009 1009
70 19 952 952
70 20 960 960
70 21 1037 1037
70 22 1001 1001
70 23 979 979
70 24 1037 1037
70 25 957 957
70 26 941 941
70 27 1022 1022
70 28 989 989
70 29 960 960
70 30 1004 111
70 31 1022 108
70 32 1008 126
70 33 998 114
70 34 1011 111
70 35 971 127
70 36 1009 129
70 37 975 99
70 38 993 126
70 39 938 117
70 40 995 131
70 41 978 122
70 42 973 124
70 43 981 112
70 44 977 141
70 45 1004 109
70 46 953 99
70 47 1063 131
70 48 942 112
70 49 1001 106
70 50 939 102
70 51 995 122
70 52 1058 147
70 53 965 123
70 54 1034 123
70 55 993 106
70 56 1007 121
70 57 1014 129
70 58 983 121
70 59 976 122
70 60 995 113
70 61 983 114
70 62 1013 121
70 63 962 118
70 64 1086 120
70 65 1035 127
70 66 972 117
70 67 1065 123
70 68 936 109
70 69 993 124
70 70 971 971
70 71 956 956
70 72 1042 1042
70 73 1010 1010
70 74 1091 1091
70 75 1006 1006
70 76 1014 1014
70 77 1008 1008
70 78 996 996
70 79 984 984
70 80 1026 1026
70 81 999 999
70 82 988 988
70 83 986 986
70 84 992 992
70 85 1045 1045
70 86 1048 1048
70 87 1008 1008
70 88 1003 1003
70 89 997 997
70 90 978 978
70 91 1059 1059
70 92 969 969
70 93 966 966
70 94 1053 1053
70 95 1036 1036
70 96 999 999
70 97 1014 1014
70 98 978 978
70 99 988 988
71 0 997 997
71 1 1040 1040
71 2 1012 1012
71 3 1025 1025
71 4 1021 1021
71 5 992 992
71 6 968 968
71 7 1049 1049
71 8 964 964
71 9 973 973
71 10 954 954
71 11 1027 1027
71 12 952 952
71 13 996 996
71 14 1050 1050
71 15 977 977
71 16 1006 1006
71 17 1075 1075
71 18 988 988
71 19 938 938
71 20 1020 1020
71 21 1041 1041
71 22 967 967
71 23 965 965
71 24 969 969
71 25 970 970
71 26 971 971
71 27 1031 1031
71 28 1029 1029
71 29 1019 1019
71 30 1014 119
71 31 921 99
71 32 976 108
71 33 1014 109
71 34 1027 125
71 35 1020 130
71 36 1009 123
71 37 1006 97
71 38 972 113
71 39 963 110
71 40 967 122
71 41 1076 132
71 42 993 128
71 43 948 113
71 44 951 111
71 45 994 124
71 46 980 107
71 47 1013 102
71 48 1052 119
71 49 1059 124
71 50 1000 123
71 51 957 105
71 52 986 95
71 53 1020 112
71 54 982 126
71 55 1029 120
71 56 1014 105
71 57 998 107
71 58 1051 121
71 59 1031 113
71 60 1018 132
71 61 1029 111
71 62 1029 121
71 63 1041 118
71 64 987 126
71 65 1016 109
71 66 991 110
71 67 938 93
71 68 1010 107
71 69 1005 119
71 70 1002 1002
71 71 995 995
71 72 998 998
71 73 1045 1045
71 74 1037 1037
71 75 1027 1027
71 76 968 968
71 77 996 996
71 78 939 939
71 79 1022 1022
71 80 999 999
71 81 980 980
71 82 937 937
71 83 966 966
71 84 1017 1017
71 85 946 946
71 86 1038 1038
71 87 999 999
71 88 998 998
71 89 980 980
71 90 1010 1010
71 91 995 995
71 92 1009 1009
71 93 973 973
71 94 980 980
71 95 980 980
71 96 961 961
71 97 998 998
71 98 1061 1061
71 99 961 961
72 0 1065 1065
72 1 1022 1022
72 2 1017 1017
72 3 977 977
72 4 991 991
72 5 998 998
72 6 946 946
72 7 1038 1038
72 8 1007 1007
72 9 976 976
72 10 1044 1044
72 11 955 955
72 12 932 932
72 13 981 981
72 14 1001 1001
72 15 984 984
72 16 990 990
72 17 998 998
72 18 984 984
72 19 1040 1040
72 20 1014 1014
72 21 1058 1058
72 22 1003 1003
72 23 1054 1054
72 24 947 947
72 25 1006 1006
72 26 1042 1042
72 27 977 977
72 28 958 958
72 29 1065 1065
72 30 998 111
72 31 997 99
72 32 985 103
72 33 978 107
72 34 985 109
72 35 976 98
72 36 1019 115
72 37 970 108
72 38 995 118
72 39 1036 90
72 40 993 92
72 41 994 118
72 42 977 117
72 43 981 104
72 44 998 112
72 45 948 113
72 46 998 97
72 47 1019 121
72 48 1021 108
72 49 948 103
72 50 981 104
72 51 1028 102
72 52 976 106
72 53 1002 105
72 54 987 100
72 55 1012 115
72 56 1017 110
72 57 1042 114
72 58 999 105
72 59 989 109
72 60 933 97
72 61 997 100
72 62 1033 95
72 63 937 108
72 64 999 99
72 65 1023 99
72 66 971 96
72 67 1005 107
72 68 1018 105
72 69 1004 91
72 70 937 937
72 71 995 995
72 72 944 944
72 73 959 959
72 74 1035 1035
72 75 999 999
72 76 978 978
72 77 1006 1006
72 78 947 947
72 79 1021 1021
72 80 1075 1075
72 81 1022 1022
72 82 999 999
72 83 947 947
72 84 970 970
72 85 938 938
72 86 1046 1046
72 87 1011 1011
72 88 998 998
72 89 993 993
72 90 976 976
72 91 998 998
72 92 1013 1013
72 93 983 983
72 94 987 987
72 95 913 913
72 96 980 980
72 97 1051 1051
72 98 980 980
72 99 989 989
73 0 1027 1027
73 1 1010 1010
73 2 962 962
73 3 992 992
73 4 1064 1064
73 5 978 978
73 6 1049 1049
73 7 953 953
73 8 947 947
73 9 1032 1032
73 10 993 993
73 11 972 972
73 12 967 967
73 13 1009 1009
73 14 976 976
73 15 981 981
73 16 964 964
73 17 1039 1039
73 18 1011 1011
73 19 1011 1011
73 20 982 982
73 21 1063 1063
73 22 976 976
73 23 994 994
73 24 997 997
73 25 1029 1029
73 26 1018 1018
73 27 1008 1008
73 28 1051 1051
73 29 1007 1007
73 30 995 106
73 31 1000 95
73 32 1000 97
73 33 1014 105
73 34 1020 111
73 35 1001 105
73 36 994 110
73 37 940 114
73 38 1024 108
73 39 1033 116
73 40 965 102
73 41 979 99
73 42 969 113
73 43 999 113
73 44 975 107
73 45 967 104
73 46 1036 92
73 47 962 104
73 48 978 97
73 49 1012 112
73 50 982 110
73 51 940 103
73 52 990 123
73 53 1003 122
73 54 973 108
73 55 1002 94
73 56 1025 95
73 57 915 109
73 58 983 91
73 59 970 107
73 60 1029 106
73 61 968 105
73 62 1060 111
73 63 970 122
73 64 1036 107
73 65 982 100
73 66 1003 96
73 67 1013 98
73 68 981 111
73 69 1001 116
73 70 1021 1021
73 71 1023 1023
73 72 993 993
73 73 1002 1002
73 74 1012 1012
73 75 950 950
73 76 1003 1003
73 77 1012 1012
73 78 969 969
73 79 982 982
73 80 1004 1004
73 81 1006 1006
73 82 1053 1053
73 83 1024 1024
73 84 1010 1010
73 85 1005 1005
73 86 1052 1052
73 87 964 964
73 88 974 974
73 89 1003 1003
73 90 1017 1017
73 91 983 983
73 92 983 983
73 93 1008 1008
73 94 1001 1001
73 95 976 976
73 96 1015 1015
73 97 1077 1077
73 98 1013 1013
73 99 1000 1000
74 0 1052 1052
74 1 1025 1025
74 2 986 986
74 3 1030 1030
74 4 1005 1005
74 5 963 963
74 6 981 981
74 7 979 979
74 8 1006 1006
74 9 989 989
74 10 1004 1004
74 11 948 948
74 12 1016 1016
74 13 992 992
74 14 989 989
74 15 1018 1018
74 16 969 969
74 17 935 935
74 18 996 996
74 19 977 977
74 20 1057 1057
74 21 1003 1003
74 22 989 989
74 23 1073 1073
74 24 1023 1023
74 25 1008 1008
74 26 1003 1003
74 27 966 966
74 28 1002 1002
74 29 1006 1006
74 30 1000 93
74 31 995 87
74 32 994 110
74 33 943 103
74 34 995 94
74 35 1027 93
74 36 928 80
74 37 1006 98
74 38 996 109
74 39 1009 91
74 40 1045 85
74 41 982 88
74 42 1006 104
74 43 1030 107
74 44 989 94
74 45 1036 90
74 46 980 86
74 47 956 88
74 48 980 107
74 49 1045 101
74 50 1079 98
74 51 1029 101
74 52 1030 105
74 53 994 100
74 54 1001 107
74 55 955 91
74 56 1059 107
74 57 1002 88
74 58 1024 87
74 59 998 93
74 60 1017 91
74 61 966 90
74 62 1021 96
74 63 1004 99
74 64 1010 103
74 65 992 87
74 66 994 103
74 67 998 98
74 68 940 92
74 69 1024 93
74 70 979 979
74 71 979 979
74 72 1033 1033
74 73 972 972
74 74 975 975
74 75 943 943
74 76 1018 1018
74 77 1010 1010
74 78 957 957
74 79 1012 1012
74 80 943 943
74 81 998 998
74 82 1017 1017
74 83 1002 1002
74 84 1038 1038
74 85 998 998
74 86 937 937
74 87 1042 1042
74 88 970 970
74 89 1070 1070
74 90 995 995
74 91 976 976
74 92 992 992
74 93 1016 1016
74 94 1014 1014
74 95 973 973
74 96 994 994
74 97 1010 1010
74 98 963 963
74 99 1039 1039
75 0 1006 1006
75 1 1008 1008
75 2 1033 1033
75 3 1015 1015
75 4 984 984
75 5 1037 1037
75 6 1016 1016
75 7 1018 1018
75 8 1086 1086
75 9 962 962
75 10 973 973
75 11 995 995
75 12 983 983
75 13 1026 1026
75 14 1020 1020
75 15 979 979
75 16 977 977
75 17 1005 1005
75 18 1013 1013
75 19 957 957
75 20 1011 1011
75 21 1018 1018
75 22 988 988
75 23 1059 1059
75 24 1039 1039
75 25 991 991
75 26 1022 1022
75 27 990 990
75 28 990 990
75 29 1010 1010
75 30 1029 95
75 31 1014 66
75 32 1030 106
75 33 998 97
75 34 984 101
75 35 956 90
75 36 957 84
75 37 1013 92
75 38 1025 86
75 39 1029 97
75 40 993 77
75 41 1013 98
75 42 1022 97
75 43 1061 80
75 44 999 83
75 45 992 73
75 46 970 102
75 47 993 101
75 48 1005 106
75 49 1009 76
75 50 964 88
75 51 1004 98
75 52 970 100
75 53 1005 94
75 54 1009 94
75 55 1010 101
75 56 1008 80
75 57 964 96
75 58 918 97
75 59 938 86
75 60 964 88
75 61 1028 84
75 62 1021 115
75 63 1008 98
75 64 1026 88
75 65 957 99
75 66 1000 94
75 67 979 102
75 68 988 106
75 69 1024 102
75 70 1002 1002
75 71 1004 1004
75 72 1002 1002
75 73 971 971
75 74 988 988
75 75 968 968
75 76 1036 1036
75 77 973 973
75 78 1010 1010
75 79 1036 1036
75 80 974 974
75 81 1021 1021
75 82 1041 1041
75 83 1020 1020
75 84 977 977
75 85 993 993
75 86 998 998
75 87 969 969
75 88 985 985
75 89 1011 1011
75 90 1015 1015
75 91 978 978
75 92 1009 1009
75 93 979 979
75 94 959 959
75 95 1002 1002
75 96 1015 1015
75 97 963 963
75 98 1034 1034
75 99 1093 1093
76 0 968 968
76 1 1001 1001
76 2 1023 1023
76 3 993 993
76 4 1055 1055
76 5 998 998
76 6 1008 1008
76 7 1049 1049
76 8 995 995
76 9 992 992
76 10 980 980
76 11 971 971
76 12 1040 1040
76 13 1000 1000
76 14 1013 1013
76 15 1011 1011
76 16 933 933
76 17 998 998
76 18 994 994
76 19 995 995
76 20 997 997
76 21 965 965
76 22 1000 1000
76 23 969 969
76 24 965 965
76 25 998 998
76 26 996 996
76 27 1007 1007
76 28 965 965
76 29 1032 1032
76 30 968 87
76 31 986 87
76 32 1025 85
76 33 1025 78
76 34 1040 84
76 35 1055 92
76 36 933 98
76 37 1039 83
76 38 1003 89
76 39 1042 112
76 40 980 84
76 41 1024 88
76 42 981 83
76 43 1016 97
76 44 1024 87
76 45 1035 102
76 46 936 83
76 47 989 68
76 48 1007 92
76 49 1039 88
76 50 958 95
76 51 1011 90
76 52 1001 90
76 53 1012 76
76 54 966 85
76 55 988 83
76 56 990 91
76 57 997 84
76 58 983 97
76 59 992 65
76 60 999 77
76 61 964 89
76 62 961 91
76 63 1023 79
76 64 897 83
76 65 969 98
76 66 997 97
76 67 930 90
76 68 994 99
76 69 973 98
76 70 999 999
76 71 1037 1037
76 72 959 959
76 73 947 947
76 74 990 990
76 75 993 993
76 76 969 969
76 77 1003 1003
76 78 963 963
76 79 991 991
76 80 990 990
76 81 1022 1022
76 82 1039 1039
76 83 995 995
76 84 995 995
76 85 969 969
76 86 982 982
76 87 1002 1002
76 88 989 989
76 89 954 954
76 90 1040 1040
76 91 998 998
76 92 1050 1050
76 93 1071 1071
76 94 966 966
76 95 1003 1003
76 96 1023 1023
76 97 1028 1028
76 98 981 981
76 99 982 982
77 0 1023 1023
77 1 1021 1021
77 2 986 986
77 3 1032 1032
77 4 1022 1022
77 5 1037 1037
77 6 959 959
77 7 993 993
77 8 1009 1009
77 9 1023 1023
77 10 1008 1008
77 11 985 985
77 12 975 975
77 13 945 945
77 14 1020 1020
77 15 989 989
77 16 1004 1004
77 17 1054 1054
77 18 1012 1012
77 19 995 995
77 20 1031 1031
77 21 1009 1009
77 22 991 991
77 23 953 953
77 24 968 968
77 25 961 961
77 26 1052 1052
77 27 979 979
77 28 1040 1040
77 29 1048 1048
77 30 981 87
77 31 1015 86
77 32 986 83
77 33 1021 86
77 34 1024 93
77 35 980 79
77 36 998 86
77 37 996 84
77 38 907 82
77 39 975 76
77 40 1049 78
77 41 1037 80
77 42 1007 79
77 43 991 82
77 44 975 85
77 45 997 78
77 46 1013 90
77 47 1010 60
77 48 1003 78
77 49 973 68
77 50 978 74
77 51 989 81
77 52 1017 89
77 53 1031 83
77 54 1022 91
77 55 990 91
77 56 1022 74
77 57 996 100
77 58 997 88
77 59 984 83
77 60 978 80
77 61 932 84
77 62 936 96
77 63 1006 73
77 64 987 71
77 65 993 83
77 66 990 84
77 67 1046 80
77 68 1039 102
77 69 980 87
77 70 1026 1026
77 71 979 979
77 72 995 995
77 73 1046 1046
77 74 986 986
77 75 955 955
77 76 984 984
77 77 967 967
77 78 958 958
77 79 957 957
77 80 1018 1018
77 81 1021 1021
77 82 935 935
77 83 987 987
77 84 999 999
77 85 975 975
77 86 1018 1018
77 87 973 973
77 88 965 965
77 89 1023 1023
77 90 1061 1061
77 91 1024 1024
77 92 1020 1020
77 93 996 996
77 94 1016 1016
77 95 1053 1053
77 96 999 999
77 97 1003 1003
77 98 997 997
77 99 1025 1025
78 0 1001 1001
78 1 995 995
78 2 950 950
78 3 1010 1010
78 4 1026 1026
78 5 967 967
78 6 975 975
78 7 1023 1023
78 8 1000 1000
78 9 1021 1021
78 10 1002 1002
78 11 955 955
78 12 1001 1001
78 13 1024 1024
78 14 1046 1046
78 15 1034 1034
78 16 989 989
78 17 970 970
78 18 955 955
78 19 939 939
78 20 971 971
78 21 983 983
78 22 981 981
78 23 987 987
78 24 966 966
78 25 1066 1066
78 26 1018 1018
78 27 985 985
78 28 957 957
78 29 1022 1022
78 30 1012 78
78 31 980 64
78 32 995 73
78 33 1074 83
78 34 1002 77
78 35 998 65
78 36 1043 64
78 37 1018 90
78 38 989 68
78 39 1026 94
78 40 994 73
78 41 1050 77
78 42 982 75
78 43 1028 75
78 44 1014 69
78 45 982 84
78 46 1019 76
78 47 1004 82
78 48 970 76
78 49 1009 72
78 50 976 82
78 51 949 73
78 52 999 92
78 53 994 66
78 54 1037 81
78 55 936 67
78 56 960 74
78 57 954 75
78 58 1003 92
78 59 994 96
78 60 1060 68
78 61 1000 72
78 62 978 80
78 63 1019 90
78 64 1018 78
78 65 983 79
78 66 985 98
78 67 985 79
78 68 1007 76
78 69 933 78
78 70 1034 1034
78 71 964 964
78 72 933 933
78 73 1019 1019
78 74 1001 1001
78 75 985 985
78 76 967 967
78 77 990 990
78 78 905 905
78 79 1016 1016
78 80 1007 1007
78 81 1033 1033
78 82 1030 1030
78 83 979 979
78 84 1028 1028
78 85 994 994
78 86 1014 1014
78 87 966 966
78 88 1009 1009
78 89 961 961
78 90 1055 1055
78 91 1011 1011
78 92 960 960
78 93 979 979
78 94 996 996
78 95 995 995
78 96 960 960
78 97 1002 1002
78 98 1019 1019
78 99 973 973
79 0 1041 1041
79 1 1010 1010
79 2 971 971
79 3 983 983
79 4 1004 1004
79 5 1020 1020
79 6 989 989
79 7 974 974
79 8 949 949
79 9 1017 1017
79 10 1026 1026
79 11 1057 1057
79 12 982 982
79 13 1058 1058
79 14 1020 1020
79 15 951 951
79 16 1003 1003
79 17 1057 1057
79 18 1015 1015
79 19 1010 1010
79 20 995 995
79 21 972 972
79 22 1024 1024
79 23 1072 1072
79 24 977 977
79 25 976 976
79 26 1035 1035
79 27 1023 1023
79 28 982 982
79 29 963 963
79 30 974 70
79 31 953 77
79 32 941 63
79 33 998 87
79 34 1005 84
79 35 966 59
79 36 1017 72
79 37 1005 66
79 38 1089 86
79 39 960 80
79 40 1043 74
79 41 1046 61
79 42 998 59
79 43 1037 85
79 44 990 63
79 45 1023 79
79 46 952 67
79 47 994 65
79 48 994 67
79 49 999 79
79 50 981 57
79 51 980 68
79 52 986 78
79 53 996 80
79 54 985 95
79 55 1033 88
79 56 980 81
79 57 996 76
79 58 966 71
79 59 1025 87
79 60 987 70
79 61 956 95
79 62 1067 78
79 63 1014 82
79 64 992 79
79 65 1067 90
79 66 967 91
79 67 1063 68
79 68 1000 88
79 69 1036 76
79 70 1029 1029
79 71 1004 1004
79 72 982 982
79 73 1029 1029
79 74 979 979
79 75 1030 1030
79 76 996 996
79 77 980 980
79 78 1023 1023
79 79 988 988
79 80 1036 1036
79 81 1065 1065
79 82 930 930
79 83 1011 1011
79 84 1037 1037
79 85 1006 1006
79 86 1019 1019
79 87 1002 1002
79 88 997 997
79 89 1015 1015
79 90 994 994
79 91 1035 1035
79 92 982 982
79 93 938 938
79 94 1017 1017
79 95 1029 1029
79 96 939 939
79 97 964 964
79 98 992 992
79 99 973 973
80 0 998 998
80 1 981 981
80 2 1035 1035
80 3 936 936
80 4 1001 1001
80 5 989 989
80 6 970 970
80 7 1080 1080
80 8 927 927
80 9 962 962
80 10 1007 1007
80 11 1000 1000
80 12 1002 1002
80 13 1009 1009
80 14 923 923
80 15 1017 1017
80 16 997 997
80 17 999 999
80 18 1035 1035
80 19 961 961
80 20 998 998
80 21 1004 1004
80 22 972 972
80 23 998 998
80 24 1024 1024
80 25 916 916
80 26 996 996
80 27 1002 1002
80 28 1044 1044
80 29 980 980
80 30 1004 1004
80 31 957 957
80 32 1009 1009
80 33 996 996
80 34 1030 1030
80 35 1029 1029
80 36 1021 1021
80 37 986 986
80 38 957 957
80 39 1025 1025
80 40 992 992
80 41 1006 1006
80 42 1008 1008
80 43 1038 1038
80 44 979 979
80 45 992 992
80 46 973 973
80 47 1006 1006
80 48 1012 1012
80 49 975 975
80 50 949 949
80 51 1015 1015
80 52 984 984
80 53 1007 1007
80 54 1007 1007
80 55 973 973
80 56 985 985
80 57 972 972
80 58 949 949
80 59 1029 1029
80 60 1012 1012
80 61 1056 1056
80 62 1026 1026
80 63 1058 1058
80 64 1031 1031
80 65 976 976
80 66 973 973
80 67 1014 1014
80 68 1002 1002
80 69 955 955
80 70 1014 1014
80 71 1002 1002
80 72 946 946
80 73 983 983
80 74 986 986
80 75 974 974
80 76 1024 1024
80 77 982 982
80 78 980 980
80 79 1044 1044
80 80 992 992
80 81 1038 1038
80 82 1026 1026
80 83 1080 1080
80 84 1001 1001
80 85 1003 1003
80 86 947 947
80 87 986 986
80 88 1019 1019
80 89 1003 1003
80 90 998 998
80 91 977 977
80 92 996 996
80 93 1049 1049
80 94 968 968
80 95 969 969
80 96 1012 1012
80 97 995 995
80 98 1055 1055
80 99 1047 1047
81 0 967 967
81 1 997 997
81 2 983 983
81 3 1011 1011
81 4 1026 1026
81 5 968 968
81 6 975 975
81 7 1003 1003
81 8 1053 1053
81 9 1006 1006
81 10 1016 1016
81 11 966 966
81 12 949 949
81 13 1050 1050
81 14 968 968
81 15 979 979
81 16 1029 1029
81 17 1015 1015
81 18 1010 1010
81 19 981 981
81 20 986 986
81 21 943 943
81 22 1005 1005
81 23 989 989
81 24 1051 1051
81 25 1008 1008
81 26 1008 1008
81 27 1036 1036
81 28 1051 1051
81 29 983 983
81 30 990 990
81 31 1016 1016
81 32 984 984
81 33 988 988
81 34 1068 1068
81 35 1025 1025
81 36 983 983
81 37 1030 1030
81 38 1026 1026
81 39 985 985
81 40 1008 1008
81 41 1020 1020
81 42 968 968
81 43 1018 1018
81 44 999 999
81 45 1010 1010
81 46 1008 1008
81 47 1048 1048
81 48 1027 1027
81 49 991 991
81 50 939 939
81 51 1005 1005
81 52 995 995
81 53 987 987
81 54 1024 1024
81 55 967 967
81 56 969 969
81 57 989 989
81 58 999 999
81 59 1013 1013
81 60 1007 1007
81 61 953 953
81 62 1007 1007
81 63 972 972
81 64 963 963
81 65 1048 1048
81 66 970 970
81 67 1049 1049
81 68 1016 1016
81 69 1051 1051
81 70 1026 1026
81 71 1025 1025
81 72 1001 1001
81 73 1008 1008
81 74 1036 1036
81 75 1058 1058
81 76 1019 1019
81 77 1021 1021
81 78 1002 1002
81 79 1019 1019
81 80 938 938
81 81 1019 1019
81 82 1009 1009
81 83 993 993
81 84 1009 1009
81 85 983 983
81 86 987 987
81 87 950 950
81 88 1027 1027
81 89 1003 1003
81 90 967 967
81 91 953 953
81 92 1013 1013
81 93 995 995
81 94 1015 1015
81 95 1054 1054
81 96 994 994
81 97 1069 1069
81 98 984 984
81 99 970 970
82 0 1017 1017
82 1 969 969
82 2 994 994
82 3 932 932
82 4 998 998
82 5 995 995
82 6 961 961
82 7 980 980
82 8 1033 1033
82 9 1002 1002
82 10 1006 1006
82 11 995 995
82 12 1020 1020
82 13 1022 1022
82 14 960 960
82 15 1025 1025
82 16 1018 1018
82 17 1002 1002
82 18 1014 1014
82 19 952 952
82 20 1011 1011
82 21 1047 1047
82 22 928 928
82 23 952 952
82 24 986 986
82 25 1054 1054
82 26 965 965
82 27 1007 1007
82 28 995 995
82 29 966 966
82 30 956 956
82 31 1008 1008
82 32 957 957
82 33 971 971
82 34 981 981
82 35 1064 1064
82 36 1006 1006
82 37 1037 1037
82 38 984 984
82 39 1030 1030
82 40 1022 1022
82 41 917 917
82 42 985 985
82 43 996 996
82 44 1047 1047
82 45 1052 1052
82 46 1021 1021
82 47 975 975
82 48 1021 1021
82 49 1033 1033
82 50 985 985
82 51 1010 1010
82 52 1017 1017
82 53 929 929
82 54 1020 1020
82 55 1002 1002
82 56 927 927
82 57 958 958
82 58 957 957
82 59 981 981
82 60 953 953
82 61 1021 1021
82 62 1060 1060
82 63 1003 1003
82 64 990 990
82 65 1018 1018
82 66 916 916
82 67 1026 1026
82 68 1021 1021
82 69 992 992
82 70 986 986
82 71 1018 1018
82 72 924 924
82 73 1032 1032
82 74 1003 1003
82 75 977 977
82 76 937 937
82 77 971 971
82 78 1036 1036
82 79 989 989
82 80 990 990
82 81 999 999
82 82 1004 1004
82 83 959 959
82 84 993 993
82 85 1001 1001
82 86 986 986
82 87 929 929
82 88 1038 1038
82 89 1023 1023
82 90 1016 1016
82 91 989 989
82 92 1050 1050
82 93 992 992
82 94 1039 1039
82 95 1002 1002
82 96 996 996
82 97 1008 1008
82 98 1005 1005
82 99 979 979
83 0 1037 1037
83 1 1089 1089
83 2 981 981
83 3 1070 1070
83 4 911 911
83 5 1043 1043
83 6 964 964
83 7 1009 1009
83 8 1061 1061
83 9 1043 1043
83 10 1021 1021
83 11 964 964
83 12 957 957
83 13 995 995
83 14 1063 1063
83 15 1037 1037
83 16 1012 1012
83 17 970 970
83 18 975 975
83 19 955 955
83 20 979 979
83 21 961 961
83 22 1016 1016
83 23 973 973
83 24 944 944
83 25 958 958
83 26 1028 1028
83 27 1038 1038
83 28 961 961
83 29 967 967
83 30 960 960
83 31 1023 1023
83 32 969 969
83 33 985 985
83 34 989 989
83 35 952 952
83 36 992 992
83 37 1019 1019
83 38 1032 1032
83 39 985 985
83 40 1015 1015
83 41 947 947
83 42 998 998
83 43 1038 1038
83 44 981 981
83 45 1015 1015
83 46 1014 1014
83 47 956 956
83 48 1002 1002
83 49 991 991
83 50 995 995
83 51 984 984
83 52 1000 1000
83 53 963 963
83 54 981 981
83 55 995 995
83 56 979 979
83 57 1056 1056
83 58 1034 1034
83 59 986 986
83 60 1113 1113
83 61 1017 1017
83 62 981 981
83 63 994 994
83 64 1009 1009
83 65 992 992
83 66 1009 1009
83 67 1003 1003
83 68 967 967
83 69 1012 1012
83 70 963 963
83 71 1002 1002
83 72 996 996
83 73 974 974
83 74 992 992
83 75 1010 1010
83 76 931 931
83 77 962 962
83 78 1022 1022
83 79 1007 1007
83 80 951 951
83 81 1014 1014
83 82 991 991
83 83 1070 1070
83 84 993 993
83 85 988 988
83 86 997 997
83 87 985 985
83 88 1069 1069
83 89 1016 1016
83 90 963 963
83 91 1007 1007
83 92 975 975
83 93 1040 1040
83 94 937 937
83 95 1019 1019
83 96 1003 1003
83 97 1019 1019
83 98 1017 1017
83 99 1003 1003
84 0 1008 1008
84 1 950 950
84 2 1011 1011
84 3 1060 1060
84 4 970 970
84 5 981 981
84 6 1073 1073
84 7 1047 1047
84 8 1044 1044
84 9 1032 1032
84 10 987 987
84 11 1018 1018
84 12 1040 1040
84 13 1049 1049
84 14 994 994
84 15 944 944
84 16 1008 1008
84 17 944 944
84 18 1008 1008
84 19 1021 1021
84 20 1036 1036
84 21 1035 1035
84 22 1000 1000
84 23 1035 1035
84 24 965 965
84 25 1009 1009
84 26 1050 1050
84 27 958 958
84 28 1079 1079
84 29 981 981
84 30 1007 1007
84 31 962 962
84 32 954 954
84 33 973 973
84 34 927 927
84 35 968 968
84 36 969 969
84 37 1018 1018
84 38 983 983
84 39 968 968
84 40 982 982
84 41 969 969
84 42 971 971
84 43 992 992
84 44 1044 1044
84 45 958 958
84 46 1000 1000
84 47 951 951
84 48 991 991
84 49 941 941
84 50 977 977
84 51 971 971
84 52 1046 1046
84 53 1005 1005
84 54 1006 1006
84 55 967 967
84 56 999 999
84 57 986 986
84 58 1043 1043
84 59 1000 1000
84 60 1005 1005
84 61 964 964
84 62 1010 1010
84 63 1009 1009
84 64 1058 1058
84 65 983 983
84 66 967 967
84 67 1004 1004
84 68 985 985
84 69 990 990
84 70 1005 1005
84 71 995 995
84 72 1004 1004
84 73 1042 1042
84 74 1028 1028
84 75 1024 1024
84 76 1032 1032
84 77 1000 1000
84 78 1074 1074
84 79 1000 1000
84 80 966 966
84 81 1005 1005
84 82 993 993
84 83 1015 1015
84 84 1021 1021
84 85 1001 1001
84 86 1032 1032
84 87 1048 1048
84 88 969 969
84 89 951 951
84 90 989 989
84 91 1015 1015
84 92 1018 1018
84 93 968 968
84 94 999 999
84 95 1028 1028
84 96 998 998
84 97 1003 1003
84 98 938 938
84 99 996 996
85 0 1004 1004
85 1 1059 1059
85 2 1037 1037
85 3 999 999
85 4 987 987
85 5 985 985
85 6 923 923
85 7 1033 1033
85 8 1036 1036
85 9 967 967
85 10 959 959
85 11 986 986
85 12 1012 1012
85 13 1016 1016
85 14 1029 1029
85 15 1059 1059
85 16 1006 1006
85 17 968 968
85 18 962 962
85 19 1035 1035
85 20 993 993
85 21 996 996
85 22 997 997
85 23 1005 1005
85 24 1033 1033
85 25 1055 1055
85 26 1034 1034
85 27 962 962
85 28 997 997
85 29 1006 1006
85 30 989 989
85 31 1004 1004
85 32 1071 1071
85 33 988 988
85 34 965 965
85 35 995 995
85 36 975 975
85 37 1000 1000
85 38 1056 1056
85 39 975 975
85 40 965 965
85 41 992 992
85 42 978 978
85 43 1026 1026
85 44 969 969
85 45 980 980
85 46 1000 1000
85 47 977 977
85 48 989 989
85 49 1007 1007
85 50 965 965
85 51 953 953
85 52 978 978
85 53 989 989
85 54 991 991
85 55 1038 1038
85 56 1010 1010
85 57 1016 1016
85 58 1019 1019
85 59 1012 1012
85 60 958 958
85 61 1016 1016
85 62 1030 1030
85 63 994 994
85 64 1039 1039
85 65 999 999
85 66 991 991
85 67 959 959
85 68 1055 1055
85 69 1004 1004
85 70 987 987
85 71 1016 1016
85 72 981 981
85 73 998 998
85 74 988 988
85 75 1001 1001
85 76 1022 1022
85 77 1038 1038
85 78 1035 1035
85 79 1055 1055
85 80 992 992
85 81 990 990
85 82 960 960
85 83 993 993
85 84 1092 1092
85 85 989 989
85 86 1013 1013
85 87 960 960
85 88 1014 1014
85 89 979 979
85 90 990 990
85 91 972 972
85 92 986 986
85 93 1077 1077
85 94 1007 1007
85 95 1015 1015
85 96 1084 1084
85 97 1030 1030
85 98 1016 1016
85 99 940 940
86 0 977 977
86 1 1000 1000
86 2 1037 1037
86 3 1057 1057
86 4 1002 1002
86 5 1011 1011
86 6 1055 1055
86 7 996 996
86 8 993 993
86 9 998 998
86 10 990 990
86 11 1012 1012
86 12 977 977
86 13 1061 1061
86 14 1027 1027
86 15 964 964
86 16 998 998
86 17 953 953
86 18 1022 1022
86 19 1013 1013
86 20 980 980
86 21 961 961
86 22 1021 1021
86 23 1007 1007
86 24 993 993
86 25 1009 1009
86 26 1001 1001
86 27 1006 1006
86 28 1007 1007
86 29 1022 1022
86 30 984 984
86 31 997 997
86 32 977 977
86 33 949 949
86 34 1020 1020
86 35 1001 1001
86 36 1019 1019
86 37 932 932
86 38 1001 1001
86 39 942 942
86 40 1002 1002
86 41 971 971
86 42 1045 1045
86 43 1006 1006
86 44 981 981
86 45 1006 1006
86 46 998 998
86 47 1014 1014
86 48 1020 1020
86 49 1032 1032
86 50 937 937
86 51 1007 1007
86 52 1009 1009
86 53 935 935
86 54 995 995
86 55 1026 1026
86 56 1018 1018
86 57 1043 1043
86 58 997 997
86 59 1019 1019
86 60 972 972
86 61 990 990
86 62 947 947
86 63 1037 1037
86 64 941 941
86 65 1054 1054
86 66 966 966
86 67 964 964
86 68 972 972
86 69 1064 1064
86 70 994 994
86 71 987 987
86 72 1041 1041
86 73 989 989
86 74 977 977
86 75 1007 1007
86 76 987 987
86 77 1014 1014
86 78 987 987
86 79 1004 1004
86 80 1058 1058
86 81 988 988
86 82 957 957
86 83 988 988
86 84 1047 1047
86 85 988 988
86 86 1038 1038
86 87 1019 1019
86 88 1037 1037
86 89 979 979
86 90 967 967
86 91 978 978
86 92 998 998
86 93 1028 1028
86 94 1008 1008
86 95 1021 1021
86 96 978 978
86 97 1040 1040
86 98 970 970
86 99 1015 1015
87 0 934 934
87 1 1001 1001
87 2 972 972
87 3 986 986
87 4 961 961
87 5 1035 1035
87 6 1031 1031
87 7 1051 1051
87 8 1010 1010
87 9 1043 1043
87 10 944 944
87 11 965 965
87 12 992 992
87 13 1046 1046
87 14 983 983
87 15 954 954
87 16 1008 1008
87 17 1055 1055
87 18 1028 1028
87 19 980 980
87 20 1018 1018
87 21 938 938
87 22 985 985
87 23 1034 1034
87 24 939 939
87 25 939 939
87 26 1037 1037
87 27 1007 1007
87 28 1055 1055
87 29 976 976
87 30 981 981
87 31 1056 1056
87 32 944 944
87 33 993 993
87 34 987 987
87 35 990 990
87 36 1015 1015
87 37 964 964
87 38 1062 1062
87 39 1008 1008
87 40 990 990
87 41 937 937
87 42 935 935
87 43 1007 1007
87 44 973 973
87 45 1015 1015
87 46 1026 1026
87 47 1004 1004
87 48 1024 1024
87 49 1011 1011
87 50 966 966
87 51 992 992
87 52 1034 1034
87 53 1062 1062
87 54 1014 1014
87 55 992 992
87 56 974 974
87 57 986 986
87 58 1016 1016
87 59 996 996
87 60 972 972
87 61 1001 1001
87 62 962 962
87 63 994 994
87 64 1065 1065
87 65 1023 1023
87 66 1056 1056
87 67 977 977
87 68 992 992
87 69 1018 1018
87 70 1000 1000
87 71 981 981
87 72 963 963
87 73 1014 1014
87 74 1027 1027
87 75 1051 1051
87 76 944 944
87 77 1007 1007
87 78 1031 1031
87 79 998 998
87 80 1034 1034
87 81 1017 1017
87 82 983 983
87 83 1010 1010
87 84 970 970
87 85 1066 1066
87 86 1036 1036
87 87 981 981
87 88 975 975
87 89 1012 1012
87 90 1014 1014
87 91 984 984
87 92 966 966
87 93 1060 1060
87 94 940 940
87 95 1026 1026
87 96 1001 1001
87 97 998 998
87 98 966 966
87 99 998 998
88 0 996 996
88 1 1099 1099
88 2 956 956
88 3 1030 1030
88 4 1033 1033
88 5 1017 1017
88 6 1028 1028
88 7 981 981
88 8 1052 1052
88 9 935 935
88 10 1008 1008
88 11 999 999
88 12 1048 1048
88 13 1014 1014
88 14 950 950
88 15 1061 1061
88 16 1020 1020
88 17 968 968
88 18 994 994
88 19 1059 1059
88 20 1026 1026
88 21 975 975
88 22 1033 1033
88 23 949 949
88 24 1011 1011
88 25 1010 1010
88 26 1013 1013
88 27 1023 1023
88 28 963 963
88 29 980 980
88 30 1025 1025
88 31 1000 1000
88 32 1010 1010
88 33 1022 1022
88 34 994 994
88 35 986 986
88 36 990 990
88 37 988 988
88 38 1023 1023
88 39 1057 1057
88 40 999 999
88 41 995 995
88 42 1024 1024
88 43 1043 1043
88 44 965 965
88 45 965 965
88 46 993 993
88 47 978 978
88 48 1011 1011
88 49 983 983
88 50 1001 1001
88 51 957 957
88 52 1008 1008
88 53 1036 1036
88 54 1044 1044
88 55 1068 1068
88 56 999 999
88 57 1031 1031
88 58 987 987
88 59 1013 1013
88 60 1048 1048
88 61 1006 1006
88 62 998 998
88 63 1009 1009
88 64 1031 1031
88 65 1005 1005
88 66 1024 1024
88 67 1013 1013
88 68 1000 1000
88 69 1042 1042
88 70 1051 1051
88 71 969 969
88 72 1082 1082
88 73 996 996
88 74 993 993
88 75 990 990
88 76 994 994
88 77 1003 1003
88 78 1024 1024
88 79 964 964
88 80 1023 1023
88 81 1018 1018
88 82 997 997
88 83 956 956
88 84 1030 1030
88 85 1054 1054
88 86 1050 1050
88 87 973 973
88 88 1006 1006
88 89 995 995
88 90 1016 1016
88 91 970 970
88 92 971 971
88 93 1024 1024
88 94 972 972
88 95 1013 1013
88 96 945 945
88 97 969 969
88 98 1026 1026
88 99 1053 1053
89 0 975 975
89 1 1019 1019
89 2 972 972
89 3 1038 1038
89 4 972 972
89 5 953 953
89 6 1016 1016
89 7 1021 1021
89 8 966 966
89 9 965 965
89 10 982 982
89 11 1074 1074
89 12 1003 1003
89 13 985 985
89 14 1010 1010
89 15 999 999
89 16 999 999
89 17 982 982
89 18 956 956
89 19 1020 1020
89 20 959 959
89 21 1037 1037
89 22 1026 1026
89 23 949 949
89 24 1039 1039
89 25 992 992
89 26 978 978
89 27 972 972
89 28 952 952
89 29 985 985
89 30 1008 1008
89 31 991 991
89 32 1075 1075
89 33 1012 1012
89 34 999 999
89 35 952 952
89 36 1019 1019
89 37 1054 1054
89 38 1019 1019
89 39 1018 1018
89 40 1018 1018
89 41 974 974
89 42 923 923
89 43 999 999
89 44 968 968
89 45 1011 1011
89 46 967 967
89 47 976 976
89 48 980 980
89 49 961 961
89 50 1034 1034
89 51 1015 1015
89 52 1010 1010
89 53 975 975
89 54 1042 1042
89 55 1027 1027
89 56 945 945
89 57 1018 1018
89 58 928 928
89 59 1049 1049
89 60 923 923
89 61 1052 1052
89 62 974 974
89 63 1028 1028
89 64 987 987
89 65 963 963
89 66 998 998
89 67 970 970
89 68 977 977
89 69 953 953
89 70 948 948
89 71 992 992
89 72 1017 1017
89 73 1000 1000
89 74 985 985
89 75 993 993
89 76 963 963
89 77 993 993
89 78 1012 1012
89 79 1013 1013
89 80 960 960
89 81 1004 1004
89 82 964 964
89 83 1031 1031
89 84 1055 1055
89 85 1003 1003
89 86 967 967
89 87 1007 1007
89 88 990 990
89 89 986 986
89 90 977 977
89 91 982 982
89 92 1028 1028
89 93 1005 1005
89 94 996 996
89 95 1033 1033
89 96 1086 1086
89 97 972 972
89 98 953 953
89 99 1008 1008
90 0 975 975
90 1 1001 1001
90 2 1047 1047
90 3 958 958
90 4 997 997
90 5 970 970
90 6 981 981
90 7 965 965
90 8 968 968
90 9 1005 1005
90 10 959 959
90 11 1023 1023
90 12 968 968
90 13 1018 1018
90 14 1066 1066
90 15 935 935
90 16 1081 1081
90 17 1046 1046
90 18 985 985
90 19 1000 1000
90 20 999 999
90 21 998 998
90 22 1018 1018
90 23 1052 1052
90 24 987 987
90 25 934 934
90 26 1006 1006
90 27 927 927
90 28 981 981
90 29 986 986
90 30 990 990
90 31 1026 1026
90 32 1024 1024
90 33 975 975
90 34 979 979
90 35 972 972
90 36 1024 1024
90 37 986 986
90 38 995 995
90 39 1018 1018
90 40 1061 1061
90 41 1059 1059
90 42 996 996
90 43 975 975
90 44 1056 1056
90 45 999 999
90 46 999 999
90 47 970 970
90 48 967 967
90 49 1023 1023
90 50 1012 1012
90 51 1012 1012
90 52 920 920
90 53 1026 1026
90 54 999 999
90 55 1017 1017
90 56 978 978
90 57 973 973
90 58 1002 1002
90 59 982 982
90 60 1018 1018
90 61 1009 1009
90 62 1002 1002
90 63 980 980
90 64 984 984
90 65 995 995
90 66 1018 1018
90 67 992 992
90 68 997 997
90 69 1038 1038
90 70 1010 1010
90 71 1019 1019
90 72 1029 1029
90 73 964 964
90 74 1076 1076
90 75 1017 1017
90 76 997 997
90 77 989 989
90 78 1004 1004
90 79 951 951
90 80 1010 1010
90 81 973 973
90 82 1009 1009
90 83 1001 1001
90 84 1001 1001
90 85 1012 1012
90 86 1019 1019
90 87 1010 1010
90 88 1010 1010
90 89 1041 1041
90 90 991 991
90 91 1056 1056
90 92 1015 1015
90 93 979 979
90 94 1031 1031
90 95 1027 1027
90 96 1053 1053
90 97 925 925
90 98 978 978
90 99 962 962
91 0 979 979
91 1 1002 1002
91 2 1002 1002
91 3 1042 1042
91 4 1023 1023
91 5 992 992
91 6 984 984
91 7 980 980
91 8 970 970
91 9 1014 1014
91 10 962 962
91 11 1064 1064
91 12 1060 1060
91 13 1007 1007
91 14 1018 1018
91 15 1030 1030
91 16 975 975
91 17 1036 1036
91 18 1033 1033
91 19 1004 1004
91 20 1000 1000
91 21 1033 1033
91 22 964 964
91 23 1044 1044
91 24 985 985
91 25 989 989
91 26 1062 1062
91 27 1019 1019
91 28 916 916
91 29 1070 1070
91 30 1027 1027
91 31 990 990
91 32 994 994
91 33 967 967
91 34 1006 1006
91 35 998 998
91 36 1039 1039
91 37 1012 1012
91 38 976 976
91 39 1026 1026
91 40 1020 1020
91 41 1003 1003
91 42 1007 1007
91 43 1026 1026
91 44 976 976
91 45 985 985
91 46 981 981
91 47 1072 1072
91 48 1037 1037
91 49 940 940
91 50 961 961
91 51 1017 1017
91 52 1023 1023
91 53 962 962
91 54 1001 1001
91 55 986 986
91 56 1019 1019
91 57 994 994
91 58 981 981
91 59 989 989
91 60 890 890
91 61 958 958
91 62 977 977
91 63 999 999
91 64 1054 1054
91 65 972 972
91 66 955 955
91 67 958 958
91 68 971 971
91 69 1022 1022
91 70 990 990
91 71 1007 1007
91 72 1016 1016
91 73 953 953
91 74 1044 1044
91 75 1019 1019
91 76 1026 1026
91 77 941 941
91 78 1028 1028
91 79 991 991
91 80 1002 1002
91 81 983 983
91 82 984 984
91 83 951 951
91 84 988 988
91 85 1010 1010
91 86 986 986
91 87 1009 1009
91 88 980 980
91 89 1004 1004
91 90 984 984
91 91 970 970
91 92 1015 1015
91 93 977 977
91 94 1018 1018
91 95 977 977
91 96 1016 1016
91 97 1048 1048
91 98 1033 1033
91 99 1027 1027
92 0 1000 1000
92 1 998 998
92 2 987 987
92 3 995 995
92 4 1000 1000
92 5 1077 1077
92 6 994 994
92 7 980 980
92 8 1026 1026
92 9 972 972
92 10 1041 1041
92 11 934 934
92 12 978 978
92 13 990 990
92 14 1008 1008
92 15 995 995
92 16 974 974
92 17 964 964
92 18 993 993
92 19 1001 1001
92 20 985 985
92 21 991 991
92 22 967 967
92 23 999 999
92 24 1011 1011
92 25 954 954
92 26 999 999
92 27 1052 1052
92 28 989 989
92 29 1054 1054
92 30 973 973
92 31 987 987
92 32 1003 1003
92 33 1004 1004
92 34 961 961
92 35 993 993
92 36 1021 1021
92 37 1046 1046
92 38 1046 1046
92 39 967 967
92 40 971 971
92 41 973 973
92 42 1042 1042
92 43 952 952
92 44 955 955
92 45 971 971
92 46 1008 1008
92 47 960 960
92 48 1006 1006
92 49 1020 1020
92 50 1049 1049
92 51 997 997
92 52 999 999
92 53 1000 1000
92 54 964 964
92 55 973 973
92 56 1035 1035
92 57 981 981
92 58 1028 1028
92 59 1016 1016
92 60 969 969
92 61 1040 1040
92 62 1026 1026
92 63 1045 1045
92 64 980 980
92 65 1006 1006
92 66 994 994
92 67 1032 1032
92 68 1043 1043
92 69 1042 1042
92 70 981 981
92 71 1017 1017
92 72 979 979
92 73 1026 1026
92 74 1031 1031
92 75 969 969
92 76 969 969
92 77 954 954
92 78 1050 1050
92 79 941 941
92 80 988 988
92 81 1093 1093
92 82 1016 1016
92 83 991 991
92 84 1045 1045
92 85 1002 1002
92 86 1044 1044
92 87 986 986
92 88 995 995
92 89 1028 1028
92 90 1037 1037
92 91 1050 1050
92 92 972 972
92 93 1055 1055
92 94 1003 1003
92 95 952 952
92 96 1034 1034
92 97 978 978
92 98 952 952
92 99 1017 1017
93 0 1049 1049
93 1 1021 1021
93 2 990 990
93 3 991 991
93 4 993 993
93 5 1019 1019
93 6 992 992
93 7 1006 1006
93 8 1018 1018
93 9 959 959
93 10 1053 1053
93 11 953 953
93 12 1027 1027
93 13 988 988
93 14 1041 1041
93 15 1035 1035
93 16 982 982
93 17 1035 1035
93 18 1045 1045
93 19 1024 1024
93 20 1025 1025
93 21 999 999
93 22 1015 1015
93 23 982 982
93 24 1008 1008
93 25 1035 1035
93 26 1039 1039
93 27 1003 1003
93 28 996 996
93 29 1024 1024
93 30 967 967
93 31 1019 1019
93 32 997 997
93 33 997 997
93 34 961 961
93 35 1012 1012
93 36 972 972
93 37 1019 1019
93 38 1029 1029
93 39 969 969
93 40 1031 1031
93 41 1003 1003
93 42 1047 1047
93 43 1014 1014
93 44 1044 1044
93 45 1026 1026
93 46 979 979
93 47 975 975
93 48 959 959
93 49 1017 1017
93 50 1057 1057
93 51 972 972
93 52 1015 1015
93 53 985 985
93 54 985 985
93 55 1023 1023
93 56 994 994
93 57 1048 1048
93 58 1001 1001
93 59 976 976
93 60 1019 1019
93 61 988 988
93 62 995 995
93 63 934 934
93 64 1011 1011
93 65 968 968
93 66 1036 1036
93 67 970 970
93 68 1043 1043
93 69 995 995
93 70 987 987
93 71 1031 1031
93 72 997 997
93 73 1007 1007
93 74 996 996
93 75 993 993
93 76 980 980
93 77 1038 1038
93 78 950 950
93 79 992 992
93 80 992 992
93 81 1013 1013
93 82 969 969
93 83 996 996
93 84 995 995
93 85 1023 1023
93 86 1003 1003
93 87 966 966
93 88 1044 1044
93 89 951 951
93 90 999 999
93 91 1018 1018
93 92 955 955
93 93 985 985
93 94 1022 1022
93 95 989 989
93 96 1090 1090
93 97 1019 1019
93 98 981 981
93 99 1037 1037
94 0 958 958
94 1 1035 1035
94 2 982 982
94 3 983 983
94 4 981 981
94 5 929 929
94 6 985 985
94 7 1005 1005
94 8 1011 1011
94 9 946 946
94 10 1026 1026
94 11 1002 1002
94 12 1081 1081
94 13 1012 1012
94 14 1035 1035
94 15 954 954
94 16 989 989
94 17 992 992
94 18 982 982
94 19 1041 1041
94 20 1019 1019
94 21 1009 1009
94 22 1009 1009
94 23 988 988
94 24 1023 1023
94 25 977 977
94 26 949 949
94 27 1007 1007
94 28 970 970
94 29 1032 1032
94 30 1061 1061
94 31 977 977
94 32 975 975
94 33 1017 1017
94 34 959 959
94 35 1083 1083
94 36 1045 1045
94 37 1020 1020
94 38 1035 1035
94 39 1007 1007
94 40 972 972
94 41 927 927
94 42 1008 1008
94 43 980 980
94 44 987 987
94 45 1008 1008
94 46 1000 1000
94 47 1019 1019
94 48 1031 1031
94 49 1068 1068
94 50 1026 1026
94 51 979 979
94 52 995 995
94 53 1031 1031
94 54 977 977
94 55 1009 1009
94 56 1011 1011
94 57 1059 1059
94 58 1057 1057
94 59 1046 1046
94 60 1010 1010
94 61 977 977
94 62 1034 1034
94 63 993 993
94 64 998 998
94 65 1003 1003
94 66 994 994
94 67 1024 1024
94 68 1049 1049
94 69 1002 1002
94 70 950 950
94 71 1000 1000
94 72 1028 1028
94 73 1002 1002
94 74 1066 1066
94 75 1078 1078
94 76 954 954
94 77 1029 1029
94 78 979 979
94 79 1046 1046
94 80 1035 1035
94 81 1001 1001
94 82 1041 1041
94 83 1021 1021
94 84 983 983
94 85 985 985
94 86 975 975
94 87 947 947
94 88 1038 1038
94 89 1042 1042
94 90 1025 1025
94 91 1006 1006
94 92 1044 1044
94 93 1029 1029
94 94 967 967
94 95 995 995
94 96 1034 1034
94 97 1002 1002
94 98 1043 1043
94 99 971 971
95 0 980 980
95 1 1003 1003
95 2 1040 1040
95 3 992 992
95 4 1056 1056
95 5 934 934
95 6 1054 1054
95 7 995 995
95 8 954 954
95 9 1005 1005
95 10 1023 1023
95 11 1038 1038
95 12 984 984
95 13 991 991
95 14 1062 1062
95 15 994 994
95 16 992 992
95 17 1000 1000
95 18 951 951
95 19 1000 1000
95 20 989 989
95 21 1009 1009
95 22 1044 1044
95 23 1012 1012
95 24 962 962
95 25 1020 1020
95 26 987 987
95 27 963 963
95 28 1027 1027
95 29 1032 1032
95 30 1056 1056
95 31 989 989
95 32 1002 1002
95 33 979 979
95 34 1032 1032
95 35 1043 1043
95 36 1063 1063
95 37 1047 1047
95 38 1039 1039
95 39 999 999
95 40 962 962
95 41 1011 1011
95 42 1006 1006
95 43 1022 1022
95 44 999 999
95 45 1018 1018
95 46 1028 1028
95 47 991 991
95 48 1008 1008
95 49 928 928
95 50 1021 1021
95 51 1079 1079
95 52 939 939
95 53 1012 1012
95 54 1015 1015
95 55 998 998
95 56 994 994
95 57 964 964
95 58 951 951
95 59 957 957
95 60 1033 1033
95 61 1018 1018
95 62 1046 1046
95 63 957 957
95 64 1007 1007
95 65 1003 1003
95 66 970 970
95 67 1058 1058
95 68 1005 1005
95 69 1005 1005
95 70 1072 1072
95 71 1005 1005
95 72 1047 1047
95 73 976 976
95 74 1048 1048
95 75 991 991
95 76 1023 1023
95 77 1073 1073
95 78 1025 1025
95 79 1003 1003
95 80 976 976
95 81 1028 1028
95 82 1003 1003
95 83 1001 1001
95 84 1028 1028
95 85 1032 1032
95 86 990 990
95 87 953 953
95 88 1025 1025
95 89 1002 1002
95 90 1008 1008
95 91 948 948
95 92 1011 1011
95 93 1010 1010
95 94 1053 1053
95 95 1005 1005
95 96 1017 1017
95 97 1075 1075
95 98 1020 1020
95 99 994 994
96 0 973 973
96 1 1016 1016
96 2 964 964
96 3 971 971
96 4 1034 1034
96 5 977 977
96 6 1029 1029
96 7 975 975
96 8 1025 1025
96 9 1006 1006
96 10 1007 1007
96 11 1004 1004
96 12 955 955
96 13 1005 1005
96 14 966 966
96 15 1052 1052
96 16 1014 1014
96 17 1093 1093
96 18 995 995
96 19 1041 1041
96 20 995 995
96 21 999 999
96 22 960 960
96 23 1026 1026
96 24 1019 1019
96 25 1026 1026
96 26 1015 1015
96 27 1009 1009
96 28 1007 1007
96 29 974 974
96 30 995 995
96 31 1000 1000
96 32 996 996
96 33 1026 1026
96 34 994 994
96 35 986 986
96 36 1041 1041
96 37 949 949
96 38 986 986
96 39 971 971
96 40 965 965
96 41 984 984
96 42 1047 1047
96 43 1044 1044
96 44 980 980
96 45 1010 1010
96 46 991 991
96 47 978 978
96 48 978 978
96 49 985 985
96 50 1055 1055
96 51 999 999
96 52 983 983
96 53 969 969
96 54 1039 1039
96 55 992 992
96 56 1072 1072
96 57 919 919
96 58 1064 1064
96 59 1006 1006
96 60 1035 1035
96 61 1012 1012
96 62 990 990
96 63 996 996
96 64 1023 1023
96 65 1042 1042
96 66 957 957
96 67 1046 1046
96 68 1039 1039
96 69 944 944
96 70 1042 1042
96 71 979 979
96 72 977 977
96 73 1038 1038
96 74 1014 1014
96 75 982 982
96 76 1033 1033
96 77 1029 1029
96 78 1003 1003
96 79 938 938
96 80 1001 1001
96 81 992 992
96 82 1023 1023
96 83 1025 1025
96 84 1015 1015
96 85 1034 1034
96 86 1006 1006
96 87 968 968
96 88 987 987
96 89 1017 1017
96 90 1005 1005
96 91 988 988
96 92 1005 1005
96 93 1002 1002
96 94 965 965
96 95 1012 1012
96 96 1002 1002
96 97 1007 1007
96 98 970 970
96 99 967 967
97 0 1018 1018
97 1 964 964
97 2 938 938
97 3 991 991
97 4 987 987
97 5 1033 1033
97 6 952 952
97 7 973 973
97 8 1043 1043
97 9 1017 1017
97 10 1009 1009
97 11 997 997
97 12 1069 1069
97 13 964 964
97 14 1033 1033
97 15 1023 1023
97 16 951 951
97 17 1043 1043
97 18 1000 1000
97 19 992 992
97 20 1006 1006
97 21 1008 1008
97 22 993 993
97 23 1031 1031
97 24 1061 1061
97 25 1050 1050
97 26 1032 1032
97 27 990 990
97 28 965 965
97 29 910 910
97 30 996 996
97 31 958 958
97 32 954 954
97 33 982 982
97 34 1005 1005
97 35 1003 1003
97 36 1031 1031
97 37 995 995
97 38 1014 1014
97 39 984 984
97 40 1023 1023
97 41 998 998
97 42 1047 1047
97 43 968 968
97 44 1042 1042
97 45 949 949
97 46 1014 1014
97 47 981 981
97 48 1012 1012
97 49 984 984
97 50 1057 1057
97 51 982 982
97 52 1045 1045
97 53 954 954
97 54 996 996
97 55 958 958
97 56 994 994
97 57 980 980
97 58 1041 1041
97 59 989 989
97 60 1014 1014
97 61 987 987
97 62 962 962
97 63 989 989
97 64 1015 1015
97 65 954 954
97 66 1024 1024
97 67 991 991
97 68 992 992
97 69 1021 1021
97 70 1035 1035
97 71 986 986
97 72 1036 1036
97 73 963 963
97 74 974 974
97 75 1018 1018
97 76 1007 1007
97 77 1003 1003
97 78 1034 1034
97 79 1024 1024
97 80 981 981
97 81 987 987
97 82 957 957
97 83 1030 1030
97 84 1011 1011
97 85 991 991
97 86 931 931
97 87 986 986
97 88 949 949
97 89 977 977
97 90 1048 1048
97 91 1017 1017
97 92 974 974
97 93 1022 1022
97 94 980 980
97 95 967 967
97 96 1018 1018
97 97 1000 1000
97 98 1041 1041
97 99 952 952
98 0 994 994
98 1 1019 1019
98 2 1019 1019
98 3 992 992
98 4 1021 1021
98 5 1039 1039
98 6 991 991
98 7 1048 1048
98 8 1002 1002
98 9 969 969
98 10 970 970
98 11 950 950
98 12 968 968
98 13 1011 1011
98 14 1037 1037
98 15 1050 1050
98 16 989 989
98 17 1008 1008
98 18 1049 1049
98 19 982 982
98 20 993 993
98 21 991 991
98 22 1033 1033
98 23 1053 1053
98 24 976 976
98 25 1016 1016
98 26 1022 1022
98 27 966 966
98 28 996 996
98 29 1007 1007
98 30 1038 1038
98 31 989 989
98 32 933 933
98 33 1014 1014
98 34 1010 1010
98 35 976 976
98 36 970 970
98 37 1016 1016
98 38 1041 1041
98 39 986 986
98 40 1011 1011
98 41 980 980
98 42 1055 1055
98 43 975 975
98 44 1009 1009
98 45 959 959
98 46 1017 1017
98 47 986 986
98 48 1069 1069
98 49 1029 1029
98 50 992 992
98 51 996 996
98 52 970 970
98 53 1031 1031
98 54 992 992
98 55 1012 1012
98 56 1028 1028
98 57 1021 1021
98 58 1006 1006
98 59 1022 1022
98 60 958 958
98 61 1031 1031
98 62 1029 1029
98 63 947 947
98 64 951 951
98 65 957 957
98 66 1024 1024
98 67 987 987
98 68 1039 1039
98 69 994 994
98 70 980 980
98 71 1004 1004
98 72 989 989
98 73 1040 1040
98 74 1004 1004
98 75 1025 1025
98 76 1046 1046
98 77 969 969
98 78 1008 1008
98 79 1017 1017
98 80 945 945
98 81 1003 1003
98 82 1015 1015
98 83 999 999
98 84 1035 1035
98 85 936 936
98 86 1020 1020
98 87 969 969
98 88 1025 1025
98 89 1021 1021
98 90 968 968
98 91 1009 1009
98 92 991 991
98 93 962 962
98 94 980 980
98 95 997 997
98 96 989 989
98 97 1003 1003
98 98 1003 1003
98 99 992 992
99 0 1075 1075
99 1 1026 1026
99 2 997 997
99 3 1042 1042
99 4 928 928
99 5 979 979
99 6 999 999
99 7 1009 1009
99 8 968 968
99 9 989 989
99 10 1011 1011
99 11 967 967
99 12 987 987
99 13 937 937
99 14 997 997
99 15 1018 1018
99 16 1043 1043
99 17 1012 1012
99 18 963 963
99 19 992 992
99 20 1003 1003
99 21 1003 1003
99 22 963 963
99 23 1038 1038
99 24 982 982
99 25 960 960
99 26 1011 1011
99 27 963 963
99 28 989 989
99 29 1000 1000
99 30 1006 1006
99 31 991 991
99 32 1007 1007
99 33 1048 1048
99 34 1016 1016
99 35 992 992
99 36 1037 1037
99 37 1009 1009
99 38 1018 1018
99 39 949 949
99 40 1012 1012
99 41 982 982
99 42 963 963
99 43 1004 1004
99 44 971 971
99 45 984 984
99 46 998 998
99 47 970 970
99 48 967 967
99 49 985 985
99 50 917 917
99 51 978 978
99 52 1020 1020
99 53 1032 1032
99 54 1064 1064
99 55 992 992
99 56 978 978
99 57 985 985
99 58 1004 1004
99 59 980 980
99 60 956 956
99 61 952 952
99 62 922 922
99 63 1003 1003
99 64 1061 1061
99 65 1056 1056
99 66 977 977
99 67 969 969
99 68 1022 1022
99 69 969 969
99 70 1014 1014
99 71 1049 1049
99 72 974 974
99 73 1040 1040
99 74 992 992
99 75 989 989
99 76 1010 1010
99 77 1044 1044
99 78 994 994
99 79 1028 1028
99 80 991 991
99 81 1006 1006
99 82 963 963
99 83 978 978
99 84 1019 1019
99 85 1008 1008
99 86 1037 1037
99 87 981 981
99 88 987 987
99 89 960 960
99 90 947 947
99 91 988 988
99 92 993 993
99 93 994 994
99 94 982 982
99 95 1024 1024
99 96 1017 1017
99 97 984 984
99 98 1001 1001
99 99 1005 1005
